CREATE TABLE human (
    id varchar(7) NOT NULL PRIMARY KEY,
    name varchar(50),
    nationality varchar(50),
    Age int

);
CREATE TABLE player (
   id varchar(7) NOT NULL PRIMARY KEY,
   team_id varchar(4),
   number int,
   goal int,
   FOREIGN KEY (id) REFERENCES human(id),
   FOREIGN KEY (team_id) REFERENCES team(id)
);

CREATE TABLE coach (
    id varchar(5) NOT NULL PRIMARY KEY,
    team_id varchar(4),
	FOREIGN KEY (id) REFERENCES human(id),
	FOREIGN KEY (team_id) REFERENCES team(id)
);

CREATE TABLE refree (
    id varchar(5)  NOT NULL PRIMARY KEY,
    type varchar(15),
	FOREIGN KEY (id) REFERENCES human(id)
);

CREATE TABLE card (
    match_id varchar(9) ,
    player_id varchar(7),
    time Time,
	color varchar(10),
	CONSTRAINT pk_card PRIMARY KEY (match_id,player_id,time),
	FOREIGN KEY (match_id) REFERENCES match(id),
	FOREIGN KEY (player_id) REFERENCES player(id)
);

CREATE TABLE refree_team (
    id varchar(5) NOT NULL PRIMARY KEY,
    head_id varchar(5),
    assistant1_id varchar(5),
    assistant2_id varchar(5),
    fourth_id varchar(5),
    var_id varchar(5),

	FOREIGN KEY (head_id) REFERENCES refree(id),
	FOREIGN KEY (assistant1_id) REFERENCES refree(id),
	FOREIGN KEY (assistant2_id) REFERENCES refree(id),
	FOREIGN KEY (fourth_id) REFERENCES refree(id),
	FOREIGN KEY (var_id) REFERENCES refree(id)
);

CREATE TABLE goal (
    minute int,
    match_id varchar(9),
    player_id varchar(7),
    is_penalty bit,

    CONSTRAINT PK_goal PRIMARY KEY (minute,match_id,player_id),
	FOREIGN KEY (match_id) REFERENCES match(id),
	FOREIGN KEY (player_id) REFERENCES player(id)
);


CREATE TABLE match (
    id varchar(9) NOT NULL PRIMARY KEY,
    team1_id varchar(4),
    team2_id varchar(4),
    team1_goals int,
    team2_goals int,
    stage varchar(50),
    stadium_id varchar(5),
    best_player_id  varchar(7),
    referee_team_id varchar(5),

	FOREIGN KEY (team1_id) REFERENCES team(id),
	FOREIGN KEY (team2_id) REFERENCES team(id),
	FOREIGN KEY (stadium_id) REFERENCES stadium(id),
	FOREIGN KEY (best_player_id) REFERENCES player(id),
	FOREIGN KEY (referee_team_id) REFERENCES refree_team(id)
);

CREATE TABLE stadium(
    id varchar(5) NOT NULL PRIMARY KEY,
    name varchar(50),
    city varchar(50),
    stadium_capacity int,
    create_date date,
    is_covered_stadium bit
);

CREATE TABLE team(
    id varchar(4) NOT NULL PRIMARY KEY,
    nationality varchar(50),
    name varchar(3),
    group_number varchar(7)
);

CREATE TABLE substitute(
    match_id varchar(9),
    player_id_in varchar(7),
    player_id_out varchar(7),
    minute Time,
    type varchar(10),
    is_mandatory bit,

    CONSTRAINT PK_substitute PRIMARY KEY (match_id,player_id_out,player_id_in),
	FOREIGN KEY (match_id) REFERENCES match(id),
	FOREIGN KEY (player_id_out) REFERENCES player(id),
    FOREIGN KEY (player_id_in) REFERENCES player(id)
);



insert into goal (match_id, player_id, minute, is_penalty)
values  ('M-2018-01', 'P-04916', 12, false),
        ('M-2018-01', 'P-03235', 43, false),
        ('M-2018-01', 'P-03235', 90, false),
        ('M-2018-01', 'P-02333', 71, false),
        ('M-2018-01', 'P-09666', 90, false),
        ('M-2018-02', 'P-05093', 89, false),
        ('M-2018-03', 'P-08853', 90, false),
        ('M-2018-04', 'P-03015', 4, true),
        ('M-2018-04', 'P-03015', 44, false),
        ('M-2018-04', 'P-03015', 88, false),
        ('M-2018-04', 'P-05908', 24, false),
        ('M-2018-04', 'P-05908', 55, false),
        ('M-2018-04', 'P-08736', 58, false),
        ('M-2018-05', 'P-06140', 58, true),
        ('M-2018-05', 'P-08920', 62, true),
        ('M-2018-05', 'P-03998', 81, false),
        ('M-2018-06', 'P-01157', 19, false),
        ('M-2018-06', 'P-01866', 23, false),
        ('M-2018-07', 'P-05846', 59, false),
        ('M-2018-08', 'P-03056', 71, true),
        ('M-2018-08', 'P-02645', 32, false),
        ('M-2018-09', 'P-08249', 56, false),
        ('M-2018-10', 'P-08544', 35, false),
        ('M-2018-11', 'P-07487', 20, false),
        ('M-2018-11', 'P-04170', 50, false),
        ('M-2018-12', 'P-04441', 65, true),
        ('M-2018-13', 'P-06609', 47, false),
        ('M-2018-13', 'P-02175', 69, false),
        ('M-2018-13', 'P-02175', 75, false),
        ('M-2018-14', 'P-06072', 35, true),
        ('M-2018-14', 'P-08448', 11, false),
        ('M-2018-14', 'P-08448', 90, false),
        ('M-2018-15', 'P-02343', 39, false),
        ('M-2018-15', 'P-03379', 6, true),
        ('M-2018-15', 'P-01627', 73, false),
        ('M-2018-16', 'P-03372', 86, false),
        ('M-2018-16', 'P-03964', 60, false),
        ('M-2018-16', 'P-07121', 37, false),
        ('M-2018-17', 'P-03235', 59, false),
        ('M-2018-17', 'P-02333', 62, false),
        ('M-2018-17', 'P-09422', 73, true),
        ('M-2018-17', 'P-07592', 47, false),
        ('M-2018-18', 'P-03015', 4, false),
        ('M-2018-19', 'P-05749', 23, false),
        ('M-2018-20', 'P-05908', 54, false),
        ('M-2018-21', 'P-03262', 7, false),
        ('M-2018-21', 'P-08920', 38, true),
        ('M-2018-22', 'P-02842', 34, false),
        ('M-2018-23', 'P-03363', 53, false),
        ('M-2018-23', 'P-03056', 80, false),
        ('M-2018-23', 'P-05588', 90, false),
        ('M-2018-24', 'P-07487', 90, false),
        ('M-2018-24', 'P-01576', 90, false),
        ('M-2018-25', 'P-09657', 49, false),
        ('M-2018-25', 'P-09657', 75, false),
        ('M-2018-26', 'P-03872', 5, false),
        ('M-2018-26', 'P-03575', 52, false),
        ('M-2018-26', 'P-02710', 90, false),
        ('M-2018-27', 'P-04214', 6, true),
        ('M-2018-27', 'P-04214', 51, false),
        ('M-2018-27', 'P-02175', 16, false),
        ('M-2018-27', 'P-02175', 45, false),
        ('M-2018-27', 'P-05828', 90, false),
        ('M-2018-27', 'P-08302', 18, false),
        ('M-2018-27', 'P-04187', 90, false),
        ('M-2018-28', 'P-01218', 90, false),
        ('M-2018-28', 'P-06343', 26, true),
        ('M-2018-28', 'P-07104', 66, false),
        ('M-2018-29', 'P-09116', 48, false),
        ('M-2018-29', 'P-03473', 90, false),
        ('M-2018-29', 'P-07679', 32, false),
        ('M-2018-30', 'P-07039', 8, false),
        ('M-2018-30', 'P-07039', 40, false),
        ('M-2018-30', 'P-08448', 22, true),
        ('M-2018-30', 'P-08448', 45, true),
        ('M-2018-30', 'P-08448', 62, false),
        ('M-2018-30', 'P-09733', 36, false),
        ('M-2018-30', 'P-02470', 78, false),
        ('M-2018-31', 'P-08843', 34, false),
        ('M-2018-31', 'P-04468', 78, false),
        ('M-2018-31', 'P-09095', 11, false),
        ('M-2018-31', 'P-04908', 71, false),
        ('M-2018-32', 'P-01385', 40, false),
        ('M-2018-32', 'P-03402', 70, false),
        ('M-2018-32', 'P-05374', 75, false),
        ('M-2018-33', 'P-09480', 45, true),
        ('M-2018-33', 'P-03366', 90, false),
        ('M-2018-33', 'P-09422', 22, false),
        ('M-2018-34', 'P-05749', 10, false),
        ('M-2018-34', 'P-00985', 90, false),
        ('M-2018-34', 'P-03235', 23, false),
        ('M-2018-35', 'P-06486', 19, false),
        ('M-2018-35', 'P-08847', 90, false),
        ('M-2018-35', 'P-07925', 14, false),
        ('M-2018-35', 'P-01351', 81, false),
        ('M-2018-36', 'P-02640', 90, true),
        ('M-2018-36', 'P-06488', 45, false),
        ('M-2018-37', 'P-07257', 18, false),
        ('M-2018-37', 'P-04404', 50, false),
        ('M-2018-39', 'P-02859', 76, true),
        ('M-2018-39', 'P-09692', 53, false),
        ('M-2018-39', 'P-04888', 90, false),
        ('M-2018-40', 'P-08787', 51, true),
        ('M-2018-40', 'P-06410', 14, false),
        ('M-2018-40', 'P-02956', 86, false),
        ('M-2018-41', 'P-06085', 90, false),
        ('M-2018-41', 'P-01218', 90, false),
        ('M-2018-42', 'P-03603', 50, false),
        ('M-2018-42', 'P-04441', 62, true),
        ('M-2018-42', 'P-02421', 74, false),
        ('M-2018-43', 'P-03917', 36, false),
        ('M-2018-43', 'P-02425', 68, false),
        ('M-2018-44', 'P-03892', 31, false),
        ('M-2018-44', 'P-00218', 88, false),
        ('M-2018-44', 'P-03225', 56, false),
        ('M-2018-44', 'P-05007', 90, false),
        ('M-2018-45', 'P-01200', 59, false),
        ('M-2018-46', 'P-01385', 74, false),
        ('M-2018-47', 'P-00051', 51, false),
        ('M-2018-48', 'P-03253', 51, false),
        ('M-2018-48', 'P-04187', 66, false),
        ('M-2018-48', 'P-07761', 33, false),
        ('M-2018-49', 'P-06140', 13, true),
        ('M-2018-49', 'P-00409', 57, false),
        ('M-2018-49', 'P-02842', 64, false),
        ('M-2018-49', 'P-02842', 68, false),
        ('M-2018-49', 'P-04158', 41, false),
        ('M-2018-49', 'P-07359', 48, false),
        ('M-2018-49', 'P-01157', 90, false),
        ('M-2018-50', 'P-00985', 7, false),
        ('M-2018-50', 'P-00985', 62, false),
        ('M-2018-50', 'P-05692', 55, false),
        ('M-2018-51', 'P-02333', 41, true),
        ('M-2018-51', 'P-02908', 12, false),
        ('M-2018-52', 'P-09489', 4, false),
        ('M-2018-52', 'P-05647', 1, false),
        ('M-2018-53', 'P-01576', 51, false),
        ('M-2018-53', 'P-01940', 88, false),
        ('M-2018-54', 'P-09346', 69, false),
        ('M-2018-54', 'P-00718', 74, false),
        ('M-2018-54', 'P-06292', 90, false),
        ('M-2018-54', 'P-03878', 48, false),
        ('M-2018-54', 'P-08843', 52, false),
        ('M-2018-55', 'P-06565', 66, false),
        ('M-2018-56', 'P-01385', 90, false),
        ('M-2018-56', 'P-08448', 57, true),
        ('M-2018-57', 'P-06400', 40, false),
        ('M-2018-57', 'P-06140', 61, false),
        ('M-2018-58', 'P-08163', 76, false),
        ('M-2018-58', 'P-09445', 31, false),
        ('M-2018-58', 'P-07790', 13, false),
        ('M-2018-59', 'P-03540', 30, false),
        ('M-2018-59', 'P-02492', 59, false),
        ('M-2018-60', 'P-03235', 31, false),
        ('M-2018-60', 'P-00156', 115, false),
        ('M-2018-60', 'P-03779', 39, false),
        ('M-2018-60', 'P-06323', 101, false),
        ('M-2018-61', 'P-07356', 51, false),
        ('M-2018-62', 'P-04888', 68, false),
        ('M-2018-62', 'P-09489', 109, false),
        ('M-2018-62', 'P-00490', 5, false),
        ('M-2018-63', 'P-05305', 4, false),
        ('M-2018-63', 'P-04214', 82, false),
        ('M-2018-64', 'P-06140', 38, true),
        ('M-2018-64', 'P-06083', 59, false),
        ('M-2018-64', 'P-02842', 65, false),
        ('M-2018-64', 'P-04888', 28, false),
        ('M-2018-64', 'P-09489', 69, false),
        ('M-2018-64', 'P-09489', 18, false);

insert into match (id, team1_id, team2_id, team1_goals, team2_goals, stage, stadium_id, best_player_id, referee_team_id)
values  ('M-2018-01', 'T-59', 'T-60', 5, 0, 'group stage', 'S-109', 'P-08579', 'RT-29'),
        ('M-2018-02', 'T-25', 'T-80', 0, 1, 'group stage', 'S-118', 'P-00985', 'RT-34'),
        ('M-2018-03', 'T-45', 'T-36', 0, 1, 'group stage', 'S-113', 'P-09082', 'RT-37'),
        ('M-2018-04', 'T-56', 'T-70', 3, 3, 'group stage', 'S-116', 'P-04986', 'RT-14'),
        ('M-2018-05', 'T-28', 'T-04', 2, 1, 'group stage', 'S-108', 'P-09409', 'RT-17'),
        ('M-2018-06', 'T-03', 'T-35', 1, 1, 'group stage', 'S-110', 'P-02956', 'RT-10'),
        ('M-2018-07', 'T-54', 'T-21', 0, 1, 'group stage', 'S-115', 'P-04852', 'RT-52'),
        ('M-2018-08', 'T-17', 'T-48', 2, 0, 'group stage', 'S-107', 'P-02561', 'RT-47'),
        ('M-2018-09', 'T-16', 'T-63', 0, 1, 'group stage', 'S-114', 'P-04533', 'RT-20'),
        ('M-2018-10', 'T-29', 'T-44', 0, 1, 'group stage', 'S-109', 'P-06013', 'RT-04'),
        ('M-2018-11', 'T-09', 'T-72', 1, 1, 'group stage', 'S-112', 'P-08112', 'RT-24'),
        ('M-2018-12', 'T-71', 'T-68', 1, 0, 'group stage', 'S-111', 'P-05487', 'RT-27'),
        ('M-2018-13', 'T-06', 'T-52', 3, 0, 'group stage', 'S-116', 'P-07933', 'RT-21'),
        ('M-2018-14', 'T-75', 'T-27', 1, 2, 'group stage', 'S-117', 'P-09733', 'RT-39'),
        ('M-2018-15', 'T-15', 'T-42', 1, 2, 'group stage', 'S-115', 'P-02343', 'RT-51'),
        ('M-2018-16', 'T-55', 'T-62', 1, 2, 'group stage', 'S-110', 'P-09451', 'RT-08'),
        ('M-2018-17', 'T-59', 'T-25', 3, 1, 'group stage', 'S-113', 'P-03235', 'RT-18'),
        ('M-2018-18', 'T-56', 'T-45', 1, 0, 'group stage', 'S-109', 'P-07925', 'RT-07'),
        ('M-2018-19', 'T-80', 'T-60', 1, 0, 'group stage', 'S-112', 'P-06884', 'RT-33'),
        ('M-2018-20', 'T-36', 'T-70', 0, 1, 'group stage', 'S-108', 'P-00448', 'RT-09'),
        ('M-2018-21', 'T-21', 'T-04', 1, 1, 'group stage', 'S-114', 'P-06346', 'RT-22'),
        ('M-2018-22', 'T-28', 'T-54', 1, 0, 'group stage', 'S-118', 'P-04404', 'RT-47'),
        ('M-2018-23', 'T-03', 'T-17', 0, 3, 'group stage', 'S-111', 'P-07359', 'RT-13'),
        ('M-2018-24', 'T-09', 'T-16', 2, 0, 'group stage', 'S-113', 'P-07487', 'RT-28'),
        ('M-2018-25', 'T-48', 'T-35', 2, 0, 'group stage', 'S-117', 'P-05141', 'RT-45'),
        ('M-2018-26', 'T-63', 'T-72', 1, 2, 'group stage', 'S-107', 'P-03575', 'RT-16'),
        ('M-2018-27', 'T-06', 'T-75', 5, 2, 'group stage', 'S-110', 'P-07615', 'RT-41'),
        ('M-2018-28', 'T-68', 'T-44', 1, 2, 'group stage', 'S-112', 'P-08156', 'RT-01'),
        ('M-2018-29', 'T-29', 'T-71', 2, 1, 'group stage', 'S-116', 'P-04441', 'RT-15'),
        ('M-2018-30', 'T-27', 'T-52', 6, 1, 'group stage', 'S-111', 'P-00442', 'RT-21'),
        ('M-2018-31', 'T-42', 'T-62', 2, 2, 'group stage', 'S-118', 'P-01071', 'RT-36'),
        ('M-2018-32', 'T-55', 'T-15', 0, 3, 'group stage', 'S-108', 'P-05752', 'RT-26'),
        ('M-2018-33', 'T-60', 'T-25', 2, 1, 'group stage', 'S-117', 'P-03533', 'RT-55'),
        ('M-2018-34', 'T-80', 'T-59', 3, 0, 'group stage', 'S-114', 'P-01608', 'RT-50'),
        ('M-2018-35', 'T-70', 'T-45', 2, 2, 'group stage', 'S-107', 'P-06486', 'RT-49'),
        ('M-2018-36', 'T-36', 'T-56', 1, 1, 'group stage', 'S-117', 'P-06488', 'RT-27'),
        ('M-2018-37', 'T-04', 'T-54', 0, 2, 'group stage', 'S-116', 'P-09308', 'RT-11'),
        ('M-2018-38', 'T-21', 'T-28', 0, 0, 'group stage', 'S-109', 'P-06140', 'RT-40'),
        ('M-2018-39', 'T-35', 'T-17', 1, 2, 'group stage', 'S-112', 'P-00032', 'RT-02'),
        ('M-2018-40', 'T-48', 'T-03', 1, 2, 'group stage', 'S-113', 'P-03359', 'RT-54'),
        ('M-2018-41', 'T-68', 'T-29', 2, 0, 'group stage', 'S-108', 'P-05257', 'RT-42'),
        ('M-2018-42', 'T-44', 'T-71', 0, 3, 'group stage', 'S-118', 'P-06565', 'RT-03'),
        ('M-2018-43', 'T-63', 'T-09', 0, 2, 'group stage', 'S-110', 'P-02763', 'RT-46'),
        ('M-2018-44', 'T-72', 'T-16', 2, 2, 'group stage', 'S-111', 'P-07536', 'RT-33'),
        ('M-2018-45', 'T-42', 'T-55', 0, 1, 'group stage', 'S-117', 'P-02060', 'RT-06'),
        ('M-2018-46', 'T-62', 'T-15', 0, 1, 'group stage', 'S-114', 'P-09005', 'RT-31'),
        ('M-2018-47', 'T-27', 'T-06', 0, 1, 'group stage', 'S-107', 'P-02863', 'RT-43'),
        ('M-2018-48', 'T-52', 'T-75', 1, 2, 'group stage', 'S-115', 'P-07887', 'RT-28'),
        ('M-2018-49', 'T-28', 'T-03', 4, 3, 'round of 16', 'S-108', 'P-09409', 'RT-32'),
        ('M-2018-50', 'T-80', 'T-56', 2, 1, 'round of 16', 'S-116', 'P-06947', 'RT-48'),
        ('M-2018-51', 'T-70', 'T-59', 1, 1, 'round of 16', 'S-109', 'P-06486', 'RT-42'),
        ('M-2018-52', 'T-17', 'T-21', 1, 1, 'round of 16', 'S-111', 'P-06159', 'RT-30'),
        ('M-2018-53', 'T-09', 'T-44', 2, 0, 'round of 16', 'S-114', 'P-06343', 'RT-53'),
        ('M-2018-54', 'T-06', 'T-42', 3, 2, 'round of 16', 'S-112', 'P-08520', 'RT-11'),
        ('M-2018-55', 'T-71', 'T-72', 1, 0, 'round of 16', 'S-113', 'P-07679', 'RT-06'),
        ('M-2018-56', 'T-15', 'T-27', 1, 1, 'round of 16', 'S-110', 'P-05737', 'RT-25'),
        ('M-2018-57', 'T-80', 'T-28', 0, 2, 'quarter-finals', 'S-111', 'P-06083', 'RT-23'),
        ('M-2018-58', 'T-09', 'T-06', 1, 2, 'quarter-finals', 'S-108', 'P-03917', 'RT-44'),
        ('M-2018-59', 'T-71', 'T-27', 0, 2, 'quarter-finals', 'S-114', 'P-04714', 'RT-19'),
        ('M-2018-60', 'T-59', 'T-17', 2, 2, 'quarter-finals', 'S-116', 'P-09666', 'RT-38'),
        ('M-2018-61', 'T-28', 'T-06', 1, 0, 'semi-finals', 'S-113', 'P-04363', 'RT-01'),
        ('M-2018-62', 'T-17', 'T-27', 2, 1, 'semi-finals', 'S-109', 'P-05588', 'RT-35'),
        ('M-2018-63', 'T-06', 'T-27', 2, 0, 'third-place match', 'S-113', 'P-00442', 'RT-12'),
        ('M-2018-64', 'T-28', 'T-17', 4, 2, 'final', 'S-109', 'P-03363', 'RT-05');

insert into stadium (id, name, city, stadium_capacity, create_date, is_covered_stadium)
values  ('S-107', 'Kaliningrad Stadium', 'Kaliningrad', 34000, '2018-05-12', true),
        ('S-108', 'Kazan Arena', 'Kazan', 43000, '2013-07-06', false),
        ('S-109', 'Luzhniki Stadium', 'Moscow', 78000, '1956-07-31', true),
        ('S-110', 'Otkritie Arena', 'Moscow', 44000, '2014-09-05', false),
        ('S-111', 'Nizhny Novgorod Stadium', 'Nizhny Novgorod', 43000, '2018-04-15', true),
        ('S-112', 'Rostov Arena', 'Rostov-on-Don', 43000, '2017-05-13', false),
        ('S-113', 'Krestovsky Stadium', 'Saint Petersburg', 64000, '2017-04-22', true),
        ('S-114', 'Samara Arena', 'Samara', 42000, '2018-04-28', false),
        ('S-115', 'Mordovia Arena', 'Saransk', 42000, '2018-04-21', false),
        ('S-116', 'Fisht Olympic Stadium', 'Sochi', 44000, '2013-05-12', false),
        ('S-117', 'Volgograd Arena', 'Volgograd', 44000, '2018-03-18', true),
        ('S-118', 'Central Stadium', 'Yekaterinburg', 33000, '1957-02-22', true);

insert into substitute (match_id, player_id_in, player_id_out, minute, type, is_mandatory)
values  ('M-2018-01', 'P-03235', 'P-08682', 24, 'concussion', false),
        ('M-2018-01', 'P-00955', 'P-04584', 64, 'normal', true),
        ('M-2018-01', 'P-07552', 'P-06615', 64, 'normal', true),
        ('M-2018-01', 'P-02333', 'P-09926', 70, 'normal', false),
        ('M-2018-01', 'P-08484', 'P-05463', 72, 'normal', false),
        ('M-2018-01', 'P-07087', 'P-07744', 85, 'normal', true),
        ('M-2018-02', 'P-06985', 'P-09802', 50, 'concussion', true),
        ('M-2018-02', 'P-03031', 'P-01532', 58, 'normal', false),
        ('M-2018-02', 'P-00095', 'P-02157', 59, 'normal', true),
        ('M-2018-02', 'P-01950', 'P-04241', 63, 'normal', true),
        ('M-2018-02', 'P-05395', 'P-04079', 82, 'normal', false),
        ('M-2018-02', 'P-09322', 'P-01888', 87, 'normal', false),
        ('M-2018-03', 'P-09082', 'P-07415', 68, 'normal', false),
        ('M-2018-03', 'P-00460', 'P-05620', 76, 'normal', false),
        ('M-2018-03', 'P-08853', 'P-07998', 77, 'normal', true),
        ('M-2018-03', 'P-06456', 'P-08702', 81, 'normal', false),
        ('M-2018-03', 'P-02100', 'P-01116', 82, 'concussion', false),
        ('M-2018-03', 'P-01610', 'P-04767', 85, 'normal', false),
        ('M-2018-04', 'P-02791', 'P-06838', 68, 'concussion', false),
        ('M-2018-04', 'P-06488', 'P-03025', 69, 'normal', false),
        ('M-2018-04', 'P-06396', 'P-02237', 70, 'normal', false),
        ('M-2018-04', 'P-08847', 'P-05908', 77, 'normal', false),
        ('M-2018-04', 'P-02415', 'P-07792', 80, 'normal', false),
        ('M-2018-04', 'P-09428', 'P-09465', 86, 'normal', false),
        ('M-2018-05', 'P-03595', 'P-09877', 64, 'concussion', false),
        ('M-2018-05', 'P-09623', 'P-02718', 70, 'normal', false),
        ('M-2018-05', 'P-02762', 'P-06140', 70, 'normal', false),
        ('M-2018-05', 'P-03685', 'P-04313', 72, 'normal', true),
        ('M-2018-05', 'P-08606', 'P-06573', 78, 'normal', false),
        ('M-2018-05', 'P-01161', 'P-05955', 84, 'normal', false),
        ('M-2018-06', 'P-00801', 'P-00087', 54, 'normal', true),
        ('M-2018-06', 'P-01580', 'P-05560', 63, 'normal', true),
        ('M-2018-06', 'P-03767', 'P-04158', 75, 'normal', true),
        ('M-2018-06', 'P-03774', 'P-00032', 76, 'normal', true),
        ('M-2018-06', 'P-00300', 'P-06010', 84, 'normal', false),
        ('M-2018-06', 'P-05141', 'P-01866', 89, 'concussion', true),
        ('M-2018-07', 'P-05484', 'P-08662', 35, 'normal', false),
        ('M-2018-07', 'P-04404', 'P-03422', 62, 'normal', true),
        ('M-2018-07', 'P-06346', 'P-08663', 67, 'normal', false),
        ('M-2018-07', 'P-05647', 'P-06159', 81, 'normal', true),
        ('M-2018-07', 'P-03102', 'P-07315', 85, 'normal', false),
        ('M-2018-07', 'P-05121', 'P-04852', 87, 'normal', false),
        ('M-2018-08', 'P-08439', 'P-03779', 60, 'normal', false),
        ('M-2018-08', 'P-09657', 'P-00484', 62, 'normal', true),
        ('M-2018-08', 'P-01391', 'P-00435', 72, 'normal', true),
        ('M-2018-08', 'P-07859', 'P-03363', 78, 'concussion', false),
        ('M-2018-08', 'P-08991', 'P-09489', 86, 'normal', true),
        ('M-2018-08', 'P-02561', 'P-00276', 88, 'normal', false),
        ('M-2018-09', 'P-09965', 'P-04226', 60, 'normal', true),
        ('M-2018-09', 'P-04407', 'P-09443', 66, 'normal', false),
        ('M-2018-09', 'P-02763', 'P-06656', 70, 'normal', false),
        ('M-2018-09', 'P-06696', 'P-03355', 73, 'normal', false),
        ('M-2018-09', 'P-01635', 'P-03014', 83, 'normal', false),
        ('M-2018-09', 'P-09441', 'P-03872', 90, 'normal', false),
        ('M-2018-10', 'P-02421', 'P-06343', 58, 'concussion', false),
        ('M-2018-10', 'P-09116', 'P-00049', 60, 'normal', false),
        ('M-2018-10', 'P-06013', 'P-08544', 66, 'normal', true),
        ('M-2018-10', 'P-02847', 'P-05170', 74, 'normal', false),
        ('M-2018-10', 'P-00428', 'P-09537', 79, 'normal', true),
        ('M-2018-10', 'P-05832', 'P-02610', 86, 'normal', true),
        ('M-2018-11', 'P-07790', 'P-01852', 60, 'normal', false),
        ('M-2018-11', 'P-08163', 'P-03917', 67, 'normal', true),
        ('M-2018-11', 'P-06827', 'P-01705', 71, 'normal', false),
        ('M-2018-11', 'P-01940', 'P-09886', 79, 'normal', false),
        ('M-2018-11', 'P-02230', 'P-09827', 80, 'concussion', true),
        ('M-2018-11', 'P-08761', 'P-06493', 87, 'normal', false),
        ('M-2018-12', 'P-09642', 'P-09043', 28, 'concussion', true),
        ('M-2018-12', 'P-04637', 'P-00578', 66, 'normal', true),
        ('M-2018-12', 'P-06992', 'P-05144', 71, 'normal', false),
        ('M-2018-12', 'P-09458', 'P-08255', 73, 'normal', false),
        ('M-2018-12', 'P-01471', 'P-07679', 77, 'normal', true),
        ('M-2018-12', 'P-01570', 'P-08521', 81, 'normal', false),
        ('M-2018-13', 'P-09803', 'P-01805', 63, 'concussion', false),
        ('M-2018-13', 'P-06760', 'P-06157', 63, 'normal', false),
        ('M-2018-13', 'P-09421', 'P-03414', 73, 'normal', true),
        ('M-2018-13', 'P-06575', 'P-07317', 74, 'normal', false),
        ('M-2018-13', 'P-04784', 'P-06609', 83, 'normal', false),
        ('M-2018-13', 'P-06292', 'P-05396', 90, 'normal', false),
        ('M-2018-14', 'P-09229', 'P-06697', 16, 'normal', true),
        ('M-2018-14', 'P-07347', 'P-00442', 68, 'normal', false),
        ('M-2018-14', 'P-08201', 'P-00189', 74, 'normal', false),
        ('M-2018-14', 'P-02739', 'P-02492', 80, 'concussion', false),
        ('M-2018-14', 'P-04011', 'P-04187', 85, 'normal', false),
        ('M-2018-14', 'P-04130', 'P-09733', 90, 'normal', false),
        ('M-2018-15', 'P-03631', 'P-05374', 31, 'concussion', false),
        ('M-2018-15', 'P-03676', 'P-02343', 59, 'normal', true),
        ('M-2018-15', 'P-04730', 'P-06022', 70, 'normal', true),
        ('M-2018-15', 'P-04468', 'P-03379', 70, 'normal', true),
        ('M-2018-15', 'P-03785', 'P-08520', 80, 'normal', false),
        ('M-2018-15', 'P-03847', 'P-01627', 85, 'normal', false),
        ('M-2018-16', 'P-01200', 'P-07042', 46, 'normal', true),
        ('M-2018-16', 'P-09204', 'P-06944', 62, 'normal', false),
        ('M-2018-16', 'P-05365', 'P-06485', 73, 'normal', false),
        ('M-2018-16', 'P-06694', 'P-03964', 75, 'normal', false),
        ('M-2018-16', 'P-09451', 'P-06302', 83, 'concussion', false),
        ('M-2018-16', 'P-01687', 'P-01786', 87, 'normal', true),
        ('M-2018-17', 'P-04079', 'P-00751', 64, 'normal', false),
        ('M-2018-17', 'P-05395', 'P-00204', 68, 'normal', false),
        ('M-2018-17', 'P-00955', 'P-03235', 74, 'normal', false),
        ('M-2018-17', 'P-09926', 'P-02333', 79, 'concussion', true),
        ('M-2018-17', 'P-01950', 'P-04241', 82, 'normal', false),
        ('M-2018-17', 'P-04246', 'P-07077', 86, 'normal', true),
        ('M-2018-18', 'P-07936', 'P-03025', 59, 'normal', false),
        ('M-2018-18', 'P-06838', 'P-02791', 70, 'normal', false),
        ('M-2018-18', 'P-07998', 'P-07925', 70, 'normal', false),
        ('M-2018-18', 'P-00261', 'P-07061', 75, 'concussion', false),
        ('M-2018-18', 'P-09032', 'P-06548', 86, 'normal', false),
        ('M-2018-18', 'P-09910', 'P-07954', 89, 'normal', false),
        ('M-2018-19', 'P-03533', 'P-00541', 44, 'normal', true),
        ('M-2018-19', 'P-01608', 'P-01888', 59, 'normal', true),
        ('M-2018-19', 'P-09322', 'P-00095', 59, 'normal', false),
        ('M-2018-19', 'P-08309', 'P-08484', 75, 'concussion', false),
        ('M-2018-19', 'P-07744', 'P-07552', 78, 'normal', true),
        ('M-2018-19', 'P-01532', 'P-03031', 82, 'normal', true),
        ('M-2018-20', 'P-09251', 'P-02201', 69, 'normal', false),
        ('M-2018-20', 'P-04986', 'P-02237', 71, 'concussion', false),
        ('M-2018-20', 'P-04767', 'P-02640', 74, 'normal', false),
        ('M-2018-20', 'P-02781', 'P-09428', 79, 'normal', true),
        ('M-2018-20', 'P-01610', 'P-06309', 86, 'normal', true),
        ('M-2018-20', 'P-07609', 'P-05908', 89, 'normal', false),
        ('M-2018-21', 'P-06346', 'P-05846', 59, 'concussion', true),
        ('M-2018-21', 'P-03867', 'P-04044', 68, 'normal', false),
        ('M-2018-21', 'P-01161', 'P-05955', 68, 'normal', false),
        ('M-2018-21', 'P-03595', 'P-09877', 75, 'normal', false),
        ('M-2018-21', 'P-03685', 'P-04313', 82, 'normal', false),
        ('M-2018-22', 'P-07315', 'P-08258', 46, 'concussion', true),
        ('M-2018-22', 'P-07353', 'P-08235', 46, 'normal', false),
        ('M-2018-22', 'P-02718', 'P-02842', 75, 'normal', true),
        ('M-2018-22', 'P-02762', 'P-06140', 80, 'normal', true),
        ('M-2018-22', 'P-03102', 'P-01590', 82, 'normal', false),
        ('M-2018-22', 'P-07081', 'P-06083', 89, 'normal', false),
        ('M-2018-23', 'P-00300', 'P-01157', 54, 'normal', true),
        ('M-2018-23', 'P-03767', 'P-03438', 56, 'normal', false),
        ('M-2018-23', 'P-03779', 'P-03363', 57, 'normal', false),
        ('M-2018-23', 'P-09313', 'P-04472', 68, 'concussion', false),
        ('M-2018-23', 'P-07859', 'P-04888', 82, 'normal', false),
        ('M-2018-23', 'P-08018', 'P-09489', 90, 'normal', false),
        ('M-2018-24', 'P-03905', 'P-06684', 46, 'concussion', false),
        ('M-2018-24', 'P-09965', 'P-09443', 54, 'normal', false),
        ('M-2018-24', 'P-01940', 'P-03917', 68, 'normal', true),
        ('M-2018-24', 'P-05064', 'P-09077', 75, 'normal', false),
        ('M-2018-24', 'P-07595', 'P-03355', 83, 'normal', false),
        ('M-2018-24', 'P-07790', 'P-09886', 90, 'normal', false),
        ('M-2018-25', 'P-00977', 'P-08661', 46, 'concussion', false),
        ('M-2018-25', 'P-05843', 'P-00896', 65, 'normal', false),
        ('M-2018-25', 'P-05141', 'P-01211', 71, 'normal', true),
        ('M-2018-25', 'P-00435', 'P-01391', 85, 'normal', true),
        ('M-2018-25', 'P-03774', 'P-00032', 87, 'normal', true),
        ('M-2018-25', 'P-00484', 'P-02645', 90, 'normal', false),
        ('M-2018-26', 'P-05274', 'P-09827', 46, 'normal', true),
        ('M-2018-26', 'P-06656', 'P-02763', 64, 'concussion', true),
        ('M-2018-26', 'P-02230', 'P-03892', 73, 'normal', true),
        ('M-2018-26', 'P-07670', 'P-07201', 81, 'normal', false),
        ('M-2018-26', 'P-00218', 'P-04170', 90, 'normal', false),
        ('M-2018-27', 'P-03417', 'P-08302', 24, 'normal', false),
        ('M-2018-27', 'P-09624', 'P-07615', 41, 'concussion', false),
        ('M-2018-27', 'P-00718', 'P-02175', 59, 'normal', true),
        ('M-2018-27', 'P-00189', 'P-06072', 59, 'normal', false),
        ('M-2018-27', 'P-05828', 'P-04214', 68, 'normal', false),
        ('M-2018-27', 'P-03518', 'P-06609', 86, 'normal', false),
        ('M-2018-28', 'P-09458', 'P-09712', 64, 'concussion', false),
        ('M-2018-28', 'P-02847', 'P-05170', 68, 'normal', false),
        ('M-2018-28', 'P-04099', 'P-08544', 71, 'normal', false),
        ('M-2018-28', 'P-04637', 'P-03992', 77, 'normal', false),
        ('M-2018-28', 'P-07818', 'P-06343', 77, 'normal', true),
        ('M-2018-28', 'P-05257', 'P-09642', 84, 'normal', false),
        ('M-2018-29', 'P-08030', 'P-04031', 31, 'normal', false),
        ('M-2018-29', 'P-00428', 'P-05866', 46, 'normal', false),
        ('M-2018-29', 'P-02011', 'P-04714', 74, 'concussion', false),
        ('M-2018-29', 'P-08675', 'P-07679', 78, 'normal', false),
        ('M-2018-29', 'P-05832', 'P-09438', 87, 'normal', false),
        ('M-2018-29', 'P-01471', 'P-06226', 90, 'normal', true),
        ('M-2018-30', 'P-01040', 'P-05096', 62, 'concussion', true),
        ('M-2018-30', 'P-01308', 'P-09733', 63, 'normal', false),
        ('M-2018-30', 'P-04531', 'P-08448', 63, 'normal', true),
        ('M-2018-30', 'P-06577', 'P-00723', 69, 'normal', false),
        ('M-2018-30', 'P-02470', 'P-01805', 69, 'normal', false),
        ('M-2018-30', 'P-06732', 'P-00490', 70, 'normal', false),
        ('M-2018-31', 'P-01687', 'P-01786', 65, 'normal', true),
        ('M-2018-31', 'P-04468', 'P-03379', 72, 'normal', false),
        ('M-2018-31', 'P-03847', 'P-03878', 75, 'normal', true),
        ('M-2018-31', 'P-09204', 'P-08361', 81, 'normal', true),
        ('M-2018-31', 'P-06944', 'P-03964', 86, 'normal', false),
        ('M-2018-31', 'P-02060', 'P-08843', 87, 'concussion', false),
        ('M-2018-32', 'P-04755', 'P-09009', 32, 'normal', false),
        ('M-2018-32', 'P-09913', 'P-05365', 57, 'normal', false),
        ('M-2018-32', 'P-03949', 'P-09451', 72, 'concussion', true),
        ('M-2018-32', 'P-08391', 'P-02343', 73, 'normal', false),
        ('M-2018-32', 'P-04730', 'P-03402', 78, 'normal', false),
        ('M-2018-32', 'P-09864', 'P-01972', 80, 'normal', true),
        ('M-2018-33', 'P-04079', 'P-09986', 45, 'normal', false),
        ('M-2018-33', 'P-05395', 'P-04241', 64, 'normal', false),
        ('M-2018-33', 'P-07087', 'P-08484', 65, 'normal', false),
        ('M-2018-33', 'P-05463', 'P-07552', 79, 'normal', true),
        ('M-2018-33', 'P-01950', 'P-00204', 81, 'concussion', false),
        ('M-2018-34', 'P-00156', 'P-03235', 38, 'normal', true),
        ('M-2018-34', 'P-00955', 'P-04916', 46, 'concussion', true),
        ('M-2018-34', 'P-09926', 'P-07642', 60, 'normal', false),
        ('M-2018-34', 'P-02157', 'P-09966', 63, 'normal', true),
        ('M-2018-34', 'P-00095', 'P-01532', 73, 'normal', false),
        ('M-2018-34', 'P-06725', 'P-00985', 90, 'normal', false),
        ('M-2018-35', 'P-09032', 'P-07061', 63, 'concussion', false),
        ('M-2018-35', 'P-01351', 'P-07925', 72, 'normal', false),
        ('M-2018-35', 'P-08847', 'P-06396', 74, 'normal', false),
        ('M-2018-35', 'P-02781', 'P-05908', 74, 'normal', false),
        ('M-2018-35', 'P-07609', 'P-09465', 84, 'normal', false),
        ('M-2018-35', 'P-08853', 'P-07453', 85, 'normal', true),
        ('M-2018-36', 'P-09251', 'P-02201', 56, 'normal', true),
        ('M-2018-36', 'P-01610', 'P-04767', 70, 'normal', false),
        ('M-2018-36', 'P-03025', 'P-06488', 70, 'normal', false),
        ('M-2018-36', 'P-02640', 'P-04243', 76, 'normal', true),
        ('M-2018-36', 'P-07954', 'P-02791', 84, 'concussion', false),
        ('M-2018-36', 'P-07792', 'P-02415', 90, 'normal', false),
        ('M-2018-37', 'P-05121', 'P-08235', 46, 'normal', false),
        ('M-2018-37', 'P-09745', 'P-03595', 53, 'normal', false),
        ('M-2018-37', 'P-01161', 'P-05955', 58, 'concussion', true),
        ('M-2018-37', 'P-09308', 'P-04852', 63, 'normal', true),
        ('M-2018-37', 'P-03685', 'P-04313', 72, 'normal', true),
        ('M-2018-37', 'P-05482', 'P-07257', 79, 'normal', false),
        ('M-2018-38', 'P-05755', 'P-09409', 50, 'normal', false),
        ('M-2018-38', 'P-00770', 'P-08663', 60, 'concussion', false),
        ('M-2018-38', 'P-02762', 'P-06140', 68, 'normal', false),
        ('M-2018-38', 'P-04751', 'P-03867', 75, 'normal', true),
        ('M-2018-38', 'P-02842', 'P-02718', 78, 'normal', false),
        ('M-2018-38', 'P-03377', 'P-02226', 90, 'normal', false),
        ('M-2018-39', 'P-05910', 'P-03056', 65, 'normal', false),
        ('M-2018-39', 'P-05141', 'P-00896', 70, 'concussion', true),
        ('M-2018-39', 'P-05579', 'P-08991', 70, 'normal', true),
        ('M-2018-39', 'P-05588', 'P-07859', 81, 'normal', true),
        ('M-2018-39', 'P-08021', 'P-01866', 85, 'normal', false),
        ('M-2018-39', 'P-06426', 'P-07863', 90, 'normal', false),
        ('M-2018-40', 'P-00435', 'P-01391', 46, 'normal', false),
        ('M-2018-40', 'P-03767', 'P-04472', 61, 'concussion', true),
        ('M-2018-40', 'P-06010', 'P-04158', 72, 'normal', false),
        ('M-2018-40', 'P-01157', 'P-06494', 80, 'normal', false),
        ('M-2018-40', 'P-01157', 'P-00310', 90, 'normal', true),
        ('M-2018-40', 'P-02561', 'P-00310', 90, 'normal', false),
        ('M-2018-41', 'P-08918', 'P-08255', 56, 'normal', true),
        ('M-2018-41', 'P-00428', 'P-00049', 58, 'normal', false),
        ('M-2018-41', 'P-00904', 'P-05198', 63, 'concussion', true),
        ('M-2018-41', 'P-09712', 'P-03992', 69, 'normal', false),
        ('M-2018-41', 'P-05832', 'P-09438', 78, 'normal', false),
        ('M-2018-41', 'P-01446', 'P-08918', 79, 'normal', false),
        ('M-2018-42', 'P-01570', 'P-08521', 57, 'concussion', false),
        ('M-2018-42', 'P-03922', 'P-08156', 65, 'normal', false),
        ('M-2018-42', 'P-01471', 'P-06226', 68, 'normal', false),
        ('M-2018-42', 'P-04099', 'P-05170', 75, 'normal', false),
        ('M-2018-42', 'P-06992', 'P-05144', 80, 'normal', false),
        ('M-2018-42', 'P-01677', 'P-01625', 89, 'normal', false),
        ('M-2018-43', 'P-00750', 'P-08112', 10, 'concussion', false),
        ('M-2018-43', 'P-07790', 'P-03917', 66, 'normal', false),
        ('M-2018-43', 'P-09347', 'P-06656', 75, 'normal', true),
        ('M-2018-43', 'P-08163', 'P-07487', 80, 'normal', false),
        ('M-2018-43', 'P-07670', 'P-02763', 82, 'normal', false),
        ('M-2018-43', 'P-09605', 'P-03872', 89, 'normal', false),
        ('M-2018-44', 'P-06827', 'P-01705', 60, 'normal', true),
        ('M-2018-44', 'P-00218', 'P-05274', 69, 'normal', false),
        ('M-2018-44', 'P-08761', 'P-02710', 81, 'concussion', false),
        ('M-2018-44', 'P-02435', 'P-06696', 81, 'normal', false),
        ('M-2018-44', 'P-02435', 'P-03355', 90, 'normal', false),
        ('M-2018-44', 'P-08345', 'P-03355', 90, 'normal', false),
        ('M-2018-45', 'P-01627', 'P-03847', 47, 'concussion', true),
        ('M-2018-45', 'P-08843', 'P-02060', 65, 'normal', true),
        ('M-2018-45', 'P-03949', 'P-08099', 79, 'normal', false),
        ('M-2018-45', 'P-06012', 'P-05253', 79, 'normal', false),
        ('M-2018-45', 'P-08170', 'P-09525', 82, 'normal', true),
        ('M-2018-46', 'P-00898', 'P-03676', 31, 'normal', false),
        ('M-2018-46', 'P-04908', 'P-01984', 74, 'normal', false),
        ('M-2018-46', 'P-06694', 'P-03958', 80, 'normal', true),
        ('M-2018-46', 'P-08391', 'P-04755', 83, 'concussion', false),
        ('M-2018-46', 'P-04692', 'P-03964', 86, 'normal', false),
        ('M-2018-46', 'P-07826', 'P-03402', 89, 'normal', true),
        ('M-2018-47', 'P-03540', 'P-07039', 46, 'normal', false),
        ('M-2018-47', 'P-00036', 'P-02058', 74, 'normal', true),
        ('M-2018-47', 'P-06315', 'P-06236', 79, 'concussion', false),
        ('M-2018-47', 'P-06609', 'P-00051', 86, 'normal', false),
        ('M-2018-48', 'P-00243', 'P-09803', 46, 'normal', false),
        ('M-2018-48', 'P-06632', 'P-06072', 46, 'normal', false),
        ('M-2018-48', 'P-09421', 'P-07887', 56, 'normal', false),
        ('M-2018-48', 'P-07739', 'P-00189', 77, 'normal', false),
        ('M-2018-48', 'P-06577', 'P-01040', 81, 'normal', false),
        ('M-2018-48', 'P-07151', 'P-04187', 89, 'normal', false),
        ('M-2018-49', 'P-09406', 'P-02956', 46, 'normal', true),
        ('M-2018-49', 'P-01157', 'P-04472', 66, 'normal', true),
        ('M-2018-49', 'P-06573', 'P-08606', 75, 'concussion', false),
        ('M-2018-49', 'P-06010', 'P-03767', 75, 'normal', false),
        ('M-2018-49', 'P-02762', 'P-06140', 83, 'normal', false),
        ('M-2018-49', 'P-00338', 'P-02842', 89, 'normal', false),
        ('M-2018-50', 'P-00095', 'P-09966', 63, 'normal', false),
        ('M-2018-50', 'P-06488', 'P-09910', 65, 'concussion', false),
        ('M-2018-50', 'P-00527', 'P-00985', 74, 'normal', true),
        ('M-2018-50', 'P-02415', 'P-07792', 74, 'normal', false),
        ('M-2018-50', 'P-03031', 'P-01532', 81, 'normal', false),
        ('M-2018-50', 'P-06947', 'P-02791', 84, 'normal', true),
        ('M-2018-51', 'P-04253', 'P-07077', 46, 'normal', false),
        ('M-2018-51', 'P-03235', 'P-04584', 61, 'normal', true),
        ('M-2018-51', 'P-09926', 'P-02333', 65, 'concussion', true),
        ('M-2018-51', 'P-02237', 'P-09465', 67, 'normal', false),
        ('M-2018-51', 'P-04933', 'P-08736', 70, 'normal', true),
        ('M-2018-51', 'P-08847', 'P-05908', 80, 'normal', false),
        ('M-2018-51', 'P-09209', 'P-00955', 97, 'normal', false),
        ('M-2018-51', 'P-07609', 'P-02781', 104, 'normal', false),
        ('M-2018-52', 'P-05484', 'P-06159', 46, 'concussion', false),
        ('M-2018-52', 'P-04044', 'P-03867', 66, 'normal', false),
        ('M-2018-52', 'P-07859', 'P-08439', 71, 'normal', false),
        ('M-2018-52', 'P-00849', 'P-05188', 81, 'normal', false),
        ('M-2018-52', 'P-03779', 'P-04888', 97, 'normal', false),
        ('M-2018-52', 'P-00280', 'P-02226', 98, 'normal', true),
        ('M-2018-52', 'P-08663', 'P-06346', 106, 'normal', false),
        ('M-2018-52', 'P-09692', 'P-09489', 108, 'normal', false),
        ('M-2018-53', 'P-01625', 'P-02847', 46, 'normal', true),
        ('M-2018-53', 'P-01014', 'P-02421', 55, 'normal', true),
        ('M-2018-53', 'P-06013', 'P-07104', 60, 'normal', false),
        ('M-2018-53', 'P-07790', 'P-03917', 80, 'normal', true),
        ('M-2018-53', 'P-01940', 'P-07487', 86, 'normal', false),
        ('M-2018-53', 'P-06179', 'P-06684', 90, 'normal', false),
        ('M-2018-54', 'P-00718', 'P-07317', 65, 'concussion', false),
        ('M-2018-54', 'P-06292', 'P-06609', 65, 'normal', false),
        ('M-2018-54', 'P-03785', 'P-08520', 81, 'normal', false),
        ('M-2018-54', 'P-04468', 'P-03878', 81, 'normal', false),
        ('M-2018-55', 'P-02230', 'P-03892', 73, 'normal', false),
        ('M-2018-55', 'P-09827', 'P-04170', 73, 'normal', false),
        ('M-2018-55', 'P-08695', 'P-05006', 82, 'normal', false),
        ('M-2018-55', 'P-09459', 'P-06565', 82, 'normal', false),
        ('M-2018-55', 'P-01471', 'P-06226', 90, 'normal', false),
        ('M-2018-56', 'P-04730', 'P-08391', 61, 'normal', true),
        ('M-2018-56', 'P-04755', 'P-05737', 79, 'normal', false),
        ('M-2018-56', 'P-04130', 'P-02492', 81, 'normal', false),
        ('M-2018-56', 'P-00898', 'P-02343', 88, 'normal', false),
        ('M-2018-56', 'P-01308', 'P-00442', 88, 'concussion', true),
        ('M-2018-56', 'P-06732', 'P-01304', 102, 'normal', false),
        ('M-2018-56', 'P-07347', 'P-06026', 113, 'normal', false),
        ('M-2018-56', 'P-09610', 'P-05920', 116, 'normal', false),
        ('M-2018-57', 'P-06725', 'P-09966', 59, 'concussion', false),
        ('M-2018-57', 'P-00095', 'P-00527', 59, 'normal', false),
        ('M-2018-57', 'P-04523', 'P-01532', 73, 'normal', true),
        ('M-2018-57', 'P-07081', 'P-06573', 80, 'normal', false),
        ('M-2018-57', 'P-02718', 'P-02842', 88, 'normal', false),
        ('M-2018-57', 'P-02762', 'P-06140', 90, 'normal', false),
        ('M-2018-58', 'P-01940', 'P-06684', 46, 'concussion', false),
        ('M-2018-58', 'P-03905', 'P-09886', 58, 'normal', true),
        ('M-2018-58', 'P-08163', 'P-03917', 73, 'normal', false),
        ('M-2018-58', 'P-02058', 'P-06292', 83, 'normal', false),
        ('M-2018-58', 'P-03518', 'P-02175', 87, 'normal', false),
        ('M-2018-59', 'P-08675', 'P-06565', 65, 'normal', false),
        ('M-2018-59', 'P-08695', 'P-07679', 65, 'normal', false),
        ('M-2018-59', 'P-04531', 'P-02492', 77, 'concussion', false),
        ('M-2018-59', 'P-01965', 'P-09459', 85, 'normal', false),
        ('M-2018-59', 'P-04130', 'P-05632', 85, 'normal', true),
        ('M-2018-59', 'P-07347', 'P-00442', 90, 'normal', false),
        ('M-2018-60', 'P-09209', 'P-04584', 54, 'concussion', false),
        ('M-2018-60', 'P-08439', 'P-04888', 63, 'normal', false),
        ('M-2018-60', 'P-09926', 'P-03235', 67, 'normal', false),
        ('M-2018-60', 'P-00849', 'P-05188', 74, 'normal', false),
        ('M-2018-60', 'P-04916', 'P-02333', 79, 'normal', false),
        ('M-2018-60', 'P-07859', 'P-03779', 88, 'normal', false),
        ('M-2018-60', 'P-08018', 'P-04415', 97, 'normal', false),
        ('M-2018-60', 'P-08682', 'P-09666', 102, 'normal', true),
        ('M-2018-61', 'P-06609', 'P-06575', 60, 'normal', false),
        ('M-2018-61', 'P-07317', 'P-00718', 80, 'normal', true),
        ('M-2018-61', 'P-07081', 'P-09623', 85, 'normal', true),
        ('M-2018-61', 'P-06573', 'P-08606', 86, 'concussion', false),
        ('M-2018-61', 'P-05828', 'P-06292', 90, 'normal', false),
        ('M-2018-62', 'P-07347', 'P-00442', 74, 'normal', false),
        ('M-2018-62', 'P-06732', 'P-01304', 91, 'normal', true),
        ('M-2018-62', 'P-00849', 'P-05188', 95, 'normal', false),
        ('M-2018-62', 'P-04130', 'P-05632', 97, 'normal', true),
        ('M-2018-62', 'P-03779', 'P-03363', 101, 'concussion', false),
        ('M-2018-62', 'P-01308', 'P-06026', 112, 'normal', false),
        ('M-2018-62', 'P-08018', 'P-09489', 115, 'normal', false),
        ('M-2018-62', 'P-09692', 'P-03056', 119, 'normal', true),
        ('M-2018-63', 'P-02058', 'P-06292', 39, 'concussion', false),
        ('M-2018-63', 'P-09733', 'P-06732', 46, 'normal', true),
        ('M-2018-63', 'P-07347', 'P-00442', 46, 'normal', false),
        ('M-2018-63', 'P-06609', 'P-02175', 60, 'normal', true),
        ('M-2018-63', 'P-06575', 'P-03518', 78, 'normal', true),
        ('M-2018-63', 'P-02492', 'P-02739', 84, 'normal', false),
        ('M-2018-64', 'P-07081', 'P-01366', 55, 'normal', false),
        ('M-2018-64', 'P-03779', 'P-03363', 71, 'normal', false),
        ('M-2018-64', 'P-06573', 'P-08606', 73, 'concussion', true),
        ('M-2018-64', 'P-02762', 'P-09623', 81, 'normal', false),
        ('M-2018-64', 'P-08991', 'P-05188', 81, 'normal', false);

insert into team (id, nationality, name, group_number)
values  ('T-03', 'Argentina', 'ARG', 'Group D'),
        ('T-04', 'Australia', 'AUS', 'Group C'),
        ('T-06', 'Belgium', 'BEL', 'Group G'),
        ('T-09', 'Brazil', 'BRA', 'Group E'),
        ('T-15', 'Colombia', 'COL', 'Group H'),
        ('T-16', 'Costa Rica', 'CRI', 'Group E'),
        ('T-17', 'Croatia', 'HRV', 'Group D'),
        ('T-21', 'Denmark', 'DNK', 'Group C'),
        ('T-25', 'Egypt', 'EGY', 'Group A'),
        ('T-27', 'England', 'ENG', 'Group G'),
        ('T-28', 'France', 'FRA', 'Group C'),
        ('T-29', 'Germany', 'DEU', 'Group F'),
        ('T-35', 'Iceland', 'ISL', 'Group D'),
        ('T-36', 'Iran', 'IRN', 'Group B'),
        ('T-42', 'Japan', 'JPN', 'Group H'),
        ('T-44', 'Mexico', 'MEX', 'Group F'),
        ('T-45', 'Morocco', 'MAR', 'Group B'),
        ('T-48', 'Nigeria', 'NGA', 'Group D'),
        ('T-52', 'Panama', 'PAN', 'Group G'),
        ('T-54', 'Peru', 'PER', 'Group C'),
        ('T-55', 'Poland', 'POL', 'Group H'),
        ('T-56', 'Portugal', 'PRT', 'Group B'),
        ('T-59', 'Russia', 'RUS', 'Group A'),
        ('T-60', 'Saudi Arabia', 'SAU', 'Group A'),
        ('T-62', 'Senegal', 'SEN', 'Group H'),
        ('T-63', 'Serbia', 'SRB', 'Group E'),
        ('T-68', 'South Korea', 'KOR', 'Group F'),
        ('T-70', 'Spain', 'ESP', 'Group B'),
        ('T-71', 'Sweden', 'SWE', 'Group F'),
        ('T-72', 'Switzerland', 'CHE', 'Group E'),
        ('T-75', 'Tunisia', 'TUN', 'Group G'),
        ('T-80', 'Uruguay', 'URY', 'Group A');

insert into card (match_id, player_id, time, color)
values  ('M-2018-01', 'P-09666', 88, 'yellow'),
        ('M-2018-01', 'P-00541', 90, 'yellow'),
        ('M-2018-02', 'P-06985', 90, 'yellow'),
        ('M-2018-02', 'P-04035', 90, 'yellow'),
        ('M-2018-03', 'P-07415', 10, 'yellow'),
        ('M-2018-03', 'P-06548', 34, 'yellow'),
        ('M-2018-03', 'P-04767', 47, 'yellow'),
        ('M-2018-03', 'P-02640', 90, 'yellow'),
        ('M-2018-04', 'P-06100', 17, 'yellow'),
        ('M-2018-04', 'P-06838', 28, 'yellow'),
        ('M-2018-05', 'P-02680', 13, 'yellow'),
        ('M-2018-05', 'P-05143', 57, 'yellow'),
        ('M-2018-05', 'P-06573', 76, 'yellow'),
        ('M-2018-05', 'P-03998', 87, 'yellow'),
        ('M-2018-07', 'P-04852', 38, 'yellow'),
        ('M-2018-07', 'P-02226', 86, 'yellow'),
        ('M-2018-07', 'P-05846', 90, 'yellow'),
        ('M-2018-08', 'P-05588', 30, 'yellow'),
        ('M-2018-08', 'P-08097', 70, 'yellow'),
        ('M-2018-08', 'P-08439', 89, 'yellow'),
        ('M-2018-09', 'P-05064', 22, 'yellow'),
        ('M-2018-09', 'P-03355', 56, 'yellow'),
        ('M-2018-09', 'P-06901', 59, 'yellow'),
        ('M-2018-09', 'P-09441', 90, 'yellow'),
        ('M-2018-10', 'P-00201', 40, 'yellow'),
        ('M-2018-10', 'P-00904', 83, 'yellow'),
        ('M-2018-10', 'P-03386', 84, 'yellow'),
        ('M-2018-10', 'P-07156', 90, 'yellow'),
        ('M-2018-11', 'P-06493', 31, 'yellow'),
        ('M-2018-11', 'P-01852', 47, 'yellow'),
        ('M-2018-11', 'P-07536', 65, 'yellow'),
        ('M-2018-11', 'P-01705', 68, 'yellow'),
        ('M-2018-12', 'P-00578', 13, 'yellow'),
        ('M-2018-12', 'P-08918', 55, 'yellow'),
        ('M-2018-12', 'P-04714', 61, 'yellow'),
        ('M-2018-13', 'P-05305', 14, 'yellow'),
        ('M-2018-13', 'P-07933', 18, 'yellow'),
        ('M-2018-13', 'P-01805', 45, 'yellow'),
        ('M-2018-13', 'P-00059', 49, 'yellow'),
        ('M-2018-13', 'P-03824', 51, 'yellow'),
        ('M-2018-13', 'P-05096', 57, 'yellow'),
        ('M-2018-13', 'P-09346', 59, 'yellow'),
        ('M-2018-13', 'P-09445', 88, 'yellow'),
        ('M-2018-14', 'P-06026', 33, 'yellow'),
        ('M-2018-15', 'P-05737', 3, 'red'),
        ('M-2018-15', 'P-03631', 64, 'yellow'),
        ('M-2018-15', 'P-03676', 86, 'yellow'),
        ('M-2018-15', 'P-05712', 90, 'yellow'),
        ('M-2018-16', 'P-03372', 12, 'yellow'),
        ('M-2018-16', 'P-05569', 49, 'yellow'),
        ('M-2018-16', 'P-04885', 72, 'yellow'),
        ('M-2018-17', 'P-00204', 57, 'yellow'),
        ('M-2018-17', 'P-09926', 84, 'yellow'),
        ('M-2018-18', 'P-07288', 40, 'yellow'),
        ('M-2018-18', 'P-09910', 90, 'yellow'),
        ('M-2018-20', 'P-06309', 79, 'yellow'),
        ('M-2018-20', 'P-08702', 90, 'yellow'),
        ('M-2018-21', 'P-05846', 37, 'yellow'),
        ('M-2018-21', 'P-08663', 84, 'yellow'),
        ('M-2018-22', 'P-08606', 16, 'yellow'),
        ('M-2018-22', 'P-04404', 23, 'yellow'),
        ('M-2018-22', 'P-05121', 81, 'yellow'),
        ('M-2018-22', 'P-06083', 86, 'yellow'),
        ('M-2018-23', 'P-03363', 39, 'yellow'),
        ('M-2018-23', 'P-07359', 51, 'yellow'),
        ('M-2018-23', 'P-09489', 58, 'yellow'),
        ('M-2018-23', 'P-04415', 67, 'yellow'),
        ('M-2018-23', 'P-05429', 85, 'yellow'),
        ('M-2018-23', 'P-05355', 87, 'yellow'),
        ('M-2018-23', 'P-08018', 90, 'yellow'),
        ('M-2018-24', 'P-07487', 81, 'yellow'),
        ('M-2018-24', 'P-01576', 81, 'yellow'),
        ('M-2018-24', 'P-01630', 84, 'yellow'),
        ('M-2018-25', 'P-08661', 44, 'yellow'),
        ('M-2018-26', 'P-01748', 34, 'yellow'),
        ('M-2018-26', 'P-07201', 39, 'yellow'),
        ('M-2018-26', 'P-04391', 45, 'yellow'),
        ('M-2018-26', 'P-03872', 87, 'yellow'),
        ('M-2018-26', 'P-02710', 90, 'yellow'),
        ('M-2018-27', 'P-06072', 14, 'yellow'),
        ('M-2018-28', 'P-06085', 58, 'yellow'),
        ('M-2018-28', 'P-09891', 63, 'yellow'),
        ('M-2018-28', 'P-09458', 72, 'yellow'),
        ('M-2018-28', 'P-04637', 80, 'yellow'),
        ('M-2018-29', 'P-05144', 52, 'yellow'),
        ('M-2018-29', 'P-00766', 71, 'yellow'),
        ('M-2018-29', 'P-00766', 82, 'yellow'),
        ('M-2018-29', 'P-08521', 90, 'yellow'),
        ('M-2018-30', 'P-00059', 10, 'yellow'),
        ('M-2018-30', 'P-02739', 24, 'yellow'),
        ('M-2018-30', 'P-07868', 44, 'yellow'),
        ('M-2018-30', 'P-03824', 72, 'yellow'),
        ('M-2018-31', 'P-03964', 59, 'yellow'),
        ('M-2018-31', 'P-08843', 68, 'yellow'),
        ('M-2018-31', 'P-01984', 90, 'yellow'),
        ('M-2018-31', 'P-09204', 90, 'yellow'),
        ('M-2018-31', 'P-08170', 90, 'yellow'),
        ('M-2018-32', 'P-01200', 61, 'yellow'),
        ('M-2018-32', 'P-07477', 85, 'yellow'),
        ('M-2018-33', 'P-04892', 45, 'yellow'),
        ('M-2018-33', 'P-07592', 86, 'yellow'),
        ('M-2018-34', 'P-04916', 9, 'yellow'),
        ('M-2018-34', 'P-09408', 27, 'yellow'),
        ('M-2018-34', 'P-09408', 36, 'yellow'),
        ('M-2018-34', 'P-09966', 59, 'yellow'),
        ('M-2018-35', 'P-06548', 21, 'yellow'),
        ('M-2018-35', 'P-05620', 29, 'yellow'),
        ('M-2018-35', 'P-02100', 31, 'yellow'),
        ('M-2018-35', 'P-03439', 31, 'yellow'),
        ('M-2018-35', 'P-03713', 88, 'yellow'),
        ('M-2018-35', 'P-03897', 90, 'yellow'),
        ('M-2018-36', 'P-02185', 33, 'yellow'),
        ('M-2018-36', 'P-02201', 52, 'yellow'),
        ('M-2018-36', 'P-07107', 54, 'yellow'),
        ('M-2018-36', 'P-06488', 64, 'yellow'),
        ('M-2018-36', 'P-03015', 83, 'yellow'),
        ('M-2018-36', 'P-07813', 90, 'yellow'),
        ('M-2018-37', 'P-08920', 10, 'yellow'),
        ('M-2018-37', 'P-08235', 45, 'yellow'),
        ('M-2018-37', 'P-01161', 60, 'yellow'),
        ('M-2018-37', 'P-04313', 66, 'yellow'),
        ('M-2018-37', 'P-09308', 79, 'yellow'),
        ('M-2018-37', 'P-04532', 88, 'yellow'),
        ('M-2018-38', 'P-05647', 45, 'yellow'),
        ('M-2018-39', 'P-08991', 14, 'yellow'),
        ('M-2018-39', 'P-02985', 59, 'yellow'),
        ('M-2018-39', 'P-01866', 64, 'yellow'),
        ('M-2018-39', 'P-06704', 83, 'yellow'),
        ('M-2018-39', 'P-00619', 84, 'yellow'),
        ('M-2018-40', 'P-06772', 32, 'yellow'),
        ('M-2018-40', 'P-06163', 49, 'yellow'),
        ('M-2018-40', 'P-00801', 64, 'yellow'),
        ('M-2018-40', 'P-00276', 90, 'yellow'),
        ('M-2018-40', 'P-06410', 90, 'yellow'),
        ('M-2018-41', 'P-04637', 9, 'yellow'),
        ('M-2018-41', 'P-05388', 23, 'yellow'),
        ('M-2018-41', 'P-03992', 48, 'yellow'),
        ('M-2018-41', 'P-01218', 65, 'yellow'),
        ('M-2018-42', 'P-08156', 1, 'yellow'),
        ('M-2018-42', 'P-08521', 26, 'yellow'),
        ('M-2018-42', 'P-00201', 61, 'yellow'),
        ('M-2018-42', 'P-01625', 86, 'yellow'),
        ('M-2018-42', 'P-05006', 88, 'yellow'),
        ('M-2018-43', 'P-06656', 33, 'yellow'),
        ('M-2018-43', 'P-04391', 48, 'yellow'),
        ('M-2018-43', 'P-03872', 70, 'yellow'),
        ('M-2018-44', 'P-09077', 11, 'yellow'),
        ('M-2018-44', 'P-04407', 29, 'yellow'),
        ('M-2018-44', 'P-06493', 37, 'yellow'),
        ('M-2018-44', 'P-06827', 75, 'yellow'),
        ('M-2018-44', 'P-07536', 83, 'yellow'),
        ('M-2018-44', 'P-03225', 89, 'yellow'),
        ('M-2018-45', 'P-00633', 66, 'yellow'),
        ('M-2018-46', 'P-09005', 45, 'yellow'),
        ('M-2018-46', 'P-03964', 51, 'yellow'),
        ('M-2018-47', 'P-03518', 19, 'yellow'),
        ('M-2018-47', 'P-02863', 33, 'yellow'),
        ('M-2018-48', 'P-06072', 44, 'yellow'),
        ('M-2018-48', 'P-06632', 71, 'yellow'),
        ('M-2018-48', 'P-01040', 78, 'yellow'),
        ('M-2018-48', 'P-00723', 80, 'yellow'),
        ('M-2018-48', 'P-04177', 90, 'yellow'),
        ('M-2018-48', 'P-09421', 90, 'yellow'),
        ('M-2018-49', 'P-02956', 11, 'yellow'),
        ('M-2018-49', 'P-06494', 19, 'yellow'),
        ('M-2018-49', 'P-06163', 43, 'yellow'),
        ('M-2018-49', 'P-00801', 50, 'yellow'),
        ('M-2018-49', 'P-08606', 72, 'yellow'),
        ('M-2018-49', 'P-00409', 73, 'yellow'),
        ('M-2018-49', 'P-09623', 90, 'yellow'),
        ('M-2018-49', 'P-05429', 90, 'yellow'),
        ('M-2018-50', 'P-03015', 90, 'yellow'),
        ('M-2018-51', 'P-00448', 40, 'yellow'),
        ('M-2018-51', 'P-05566', 54, 'yellow'),
        ('M-2018-51', 'P-08491', 71, 'yellow'),
        ('M-2018-52', 'P-05647', 115, 'yellow'),
        ('M-2018-53', 'P-02421', 38, 'yellow'),
        ('M-2018-53', 'P-00750', 43, 'yellow'),
        ('M-2018-53', 'P-07156', 55, 'yellow'),
        ('M-2018-53', 'P-01852', 59, 'yellow'),
        ('M-2018-53', 'P-06152', 77, 'yellow'),
        ('M-2018-53', 'P-05170', 90, 'yellow'),
        ('M-2018-54', 'P-08520', 40, 'yellow'),
        ('M-2018-55', 'P-05006', 31, 'yellow'),
        ('M-2018-55', 'P-01705', 61, 'yellow'),
        ('M-2018-55', 'P-03575', 68, 'yellow'),
        ('M-2018-55', 'P-08761', 90, 'red'),
        ('M-2018-56', 'P-03631', 41, 'yellow'),
        ('M-2018-56', 'P-05920', 52, 'yellow'),
        ('M-2018-56', 'P-05737', 54, 'yellow'),
        ('M-2018-56', 'P-05632', 56, 'yellow'),
        ('M-2018-56', 'P-03402', 63, 'yellow'),
        ('M-2018-56', 'P-04730', 64, 'yellow'),
        ('M-2018-56', 'P-09733', 69, 'yellow'),
        ('M-2018-56', 'P-05374', 118, 'yellow'),
        ('M-2018-57', 'P-09409', 33, 'yellow'),
        ('M-2018-57', 'P-09966', 38, 'yellow'),
        ('M-2018-57', 'P-00095', 69, 'yellow'),
        ('M-2018-57', 'P-02842', 69, 'yellow'),
        ('M-2018-58', 'P-04363', 47, 'yellow'),
        ('M-2018-58', 'P-05305', 71, 'yellow'),
        ('M-2018-58', 'P-07790', 85, 'yellow'),
        ('M-2018-58', 'P-01503', 90, 'yellow'),
        ('M-2018-59', 'P-08675', 87, 'yellow'),
        ('M-2018-59', 'P-03540', 87, 'yellow'),
        ('M-2018-59', 'P-08521', 90, 'yellow'),
        ('M-2018-60', 'P-05579', 35, 'yellow'),
        ('M-2018-60', 'P-05188', 38, 'yellow'),
        ('M-2018-60', 'P-06323', 101, 'yellow'),
        ('M-2018-60', 'P-04916', 109, 'yellow'),
        ('M-2018-60', 'P-00849', 114, 'yellow'),
        ('M-2018-61', 'P-04214', 63, 'yellow'),
        ('M-2018-61', 'P-04363', 71, 'yellow'),
        ('M-2018-61', 'P-01366', 87, 'yellow'),
        ('M-2018-61', 'P-02842', 90, 'yellow'),
        ('M-2018-61', 'P-09346', 90, 'yellow'),
        ('M-2018-62', 'P-09489', 48, 'yellow'),
        ('M-2018-62', 'P-06026', 54, 'yellow'),
        ('M-2018-62', 'P-03363', 96, 'yellow'),
        ('M-2018-63', 'P-07039', 52, 'yellow'),
        ('M-2018-63', 'P-03540', 76, 'yellow'),
        ('M-2018-63', 'P-05396', 90, 'yellow'),
        ('M-2018-64', 'P-01366', 27, 'yellow'),
        ('M-2018-64', 'P-09409', 41, 'yellow'),
        ('M-2018-64', 'P-04415', 90, 'yellow');

insert into coach (id, team_id)
values  ('M-009', 'T-71'),
        ('M-057', 'T-59'),
        ('M-059', 'T-62'),
        ('M-064', 'T-25'),
        ('M-066', 'T-17'),
        ('M-072', 'T-28'),
        ('M-094', 'T-54'),
        ('M-100', 'T-52'),
        ('M-110', 'T-35'),
        ('M-113', 'T-21'),
        ('M-121', 'T-70'),
        ('M-152', 'T-63'),
        ('M-174', 'T-29'),
        ('M-176', 'T-75'),
        ('M-181', 'T-06'),
        ('M-214', 'T-55'),
        ('M-218', 'T-42'),
        ('M-230', 'T-44'),
        ('M-238', 'T-15'),
        ('M-241', 'T-72'),
        ('M-250', 'T-60'),
        ('M-259', 'T-36'),
        ('M-262', 'T-16'),
        ('M-269', 'T-45'),
        ('M-274', 'T-48'),
        ('M-283', 'T-03'),
        ('M-288', 'T-56'),
        ('M-301', 'T-68'),
        ('M-308', 'T-27'),
        ('M-316', 'T-80'),
        ('M-323', 'T-09'),
        ('M-334', 'T-04');

insert into human (id, name, nationality, age)
values  ('M-009', 'Janne Andersson', 'Sweden', 50),
        ('M-057', 'Stanislav Cherchesov', 'Russia', 45),
        ('M-059', 'Aliou Ciss', 'Senegal', 36),
        ('M-064', 'Hctor Cper', 'Egypt', 42),
        ('M-066', 'Zlatko Dali', 'Croatia', 37),
        ('M-072', 'Didier Deschamps', 'France', 47),
        ('M-094', 'Ricardo Gareca', 'Peru', 31),
        ('M-100', 'Hernn Daro Gmez', 'Panama', 49),
        ('M-110', 'Heimir Hallgrmsson', 'Iceland', 37),
        ('M-113', 'ge Hareide', 'Denmark', 38),
        ('M-121', 'Fernando Hierro', 'Spain', 38),
        ('M-152', 'Mladen Krstaji', 'Serbia', 34),
        ('M-174', 'Joachim Lw', 'Germany', 49),
        ('M-176', 'Nabil Maloul', 'Tunisia', 37),
        ('M-181', 'Roberto Martnez', 'Belgium', 41),
        ('M-214', 'Adam Nawaka', 'Poland', 31),
        ('M-218', 'Akira Nishino', 'Japan', 42),
        ('M-230', 'Juan Carlos Osorio', 'Mexico', 32),
        ('M-238', 'Jos Pkerman', 'Colombia', 49),
        ('M-241', 'Vladimir Petkovi', 'Switzerland', 32),
        ('M-250', 'Juan Antonio Pizzi', 'Saudi Arabia', 38),
        ('M-259', 'Carlos Queiroz', 'Iran', 45),
        ('M-262', 'scar Ramrez', 'Costa Rica', 48),
        ('M-269', 'Herv Renard', 'Morocco', 33),
        ('M-274', 'Gernot Rohr', 'Nigeria', 37),
        ('M-283', 'Jorge Sampaoli', 'Argentina', 35),
        ('M-288', 'Fernando Santos', 'Portugal', 45),
        ('M-301', 'Tae-yong Shin', 'South Korea', 38),
        ('M-308', 'Gareth Southgate', 'England', 40),
        ('M-316', 'scar Tabrez', 'Uruguay', 30),
        ('M-323', 'not applicable Tite', 'Brazil', 46),
        ('M-334', 'Bert van Marwijk', 'Australia', 42),
        ('P-00032', 'Aron Gunnarsson', 'Iceland', 29),
        ('P-00036', 'Vincent Kompany', 'Belgium', 32),
        ('P-00049', 'Sami Khedira', 'Germany', 31),
        ('P-00051', 'Adnan Januzaj', 'Belgium', 23),
        ('P-00059', 'Armando Cooper', 'Panama', 31),
        ('P-00087', 'Lucas Biglia', 'Argentina', 32),
        ('P-00095', 'Cristian Rodrguez', 'Uruguay', 33),
        ('P-00122', 'Morteza Pouraliganji', 'Iran', 26),
        ('P-00154', 'Abdullah Al-Mayouf', 'Saudi Arabia', 31),
        ('P-00156', 'Mrio Fernandes', 'Russia', 28),
        ('P-00189', 'Nam Sliti', 'Tunisia', 26),
        ('P-00201', 'Hctor Moreno', 'Mexico', 30),
        ('P-00204', 'not applicable Trzguet', 'Egypt', 24),
        ('P-00218', 'Josip Drmi', 'Switzerland', 26),
        ('P-00234', 'Sergio Ramos', 'Spain', 32),
        ('P-00243', 'Harold Cummings', 'Panama', 26),
        ('P-00261', 'Mehdi Carcela', 'Morocco', 29),
        ('P-00276', 'John Obi Mikel', 'Nigeria', 31),
        ('P-00280', 'Michael Krohn-Dehli', 'Denmark', 35),
        ('P-00300', 'Gonzalo Higuan', 'Argentina', 31),
        ('P-00310', 'Kenneth Omeruo', 'Nigeria', 25),
        ('P-00338', 'Florian Thauvin', 'France', 25),
        ('P-00339', 'Nabil Dirar', 'Morocco', 32),
        ('P-00344', 'Mathew Ryan', 'Australia', 26),
        ('P-00409', 'Benjamin Pavard', 'France', 22),
        ('P-00428', 'Mario Gmez', 'Germany', 33),
        ('P-00429', 'Johan Djourou', 'Switzerland', 31),
        ('P-00435', 'Odion Ighalo', 'Nigeria', 29),
        ('P-00442', 'Raheem Sterling', 'England', 24),
        ('P-00448', 'Gerard Piqu', 'Spain', 31),
        ('P-00460', 'Sofyan Amrabat', 'Morocco', 22),
        ('P-00484', 'Alex Iwobi', 'Nigeria', 22),
        ('P-00490', 'Kieran Trippier', 'England', 28),
        ('P-00504', 'Omar Hawsawi', 'Saudi Arabia', 33),
        ('P-00522', 'Bryan Oviedo', 'Costa Rica', 28),
        ('P-00527', 'Cristhian Stuani', 'Uruguay', 32),
        ('P-00541', 'Taisir Al-Jassim', 'Saudi Arabia', 34),
        ('P-00578', 'Shin-wook Kim', 'South Korea', 30),
        ('P-00605', 'Aaron Mooy', 'Australia', 28),
        ('P-00619', 'Birkir Mr Svarsson', 'Iceland', 34),
        ('P-00633', 'Tomoaki Makino', 'Japan', 31),
        ('P-00658', 'Ramin Rezaeian', 'Iran', 28),
        ('P-00718', 'Marouane Fellaini', 'Belgium', 31),
        ('P-00723', 'Gabriel Gmez', 'Panama', 34),
        ('P-00750', 'Filipe Lus', 'Brazil', 33),
        ('P-00751', 'Mohamed Elneny', 'Egypt', 26),
        ('P-00766', 'Jrme Boateng', 'Germany', 30),
        ('P-00770', 'Viktor Fischer', 'Denmark', 24),
        ('P-00801', 'ver Banega', 'Argentina', 30),
        ('P-00849', 'Josip Pivari', 'Croatia', 29),
        ('P-00868', 'Presnel Kimpembe', 'France', 23),
        ('P-00896', 'Ragnar Sigursson', 'Iceland', 32),
        ('P-00898', 'Luis Muriel', 'Colombia', 27),
        ('P-00904', 'Thomas Mller', 'Germany', 29),
        ('P-00932', 'Yasser Al-Shahrani', 'Saudi Arabia', 26),
        ('P-00955', 'Daler Kuzyayev', 'Russia', 25),
        ('P-00977', 'Tyronne Ebuehi', 'Nigeria', 23),
        ('P-00985', 'Edinson Cavani', 'Uruguay', 31),
        ('P-01014', 'Jonathan dos Santos', 'Mexico', 28),
        ('P-01026', 'Pedro Gallese', 'Peru', 28),
        ('P-01040', 'Ricardo vila', 'Panama', 21),
        ('P-01067', 'David Ospina', 'Colombia', 30),
        ('P-01071', 'Kalidou Koulibaly', 'Senegal', 27),
        ('P-01116', 'Amine Harit', 'Morocco', 21),
        ('P-01151', 'Maya Yoshida', 'Japan', 30),
        ('P-01156', 'Henrik Dalsgaard', 'Denmark', 29),
        ('P-01157', 'Sergio Agero', 'Argentina', 30),
        ('P-01161', 'Daniel Arzani', 'Australia', 19),
        ('P-01200', 'Jan Bednarek', 'Poland', 22),
        ('P-01211', 'Jn Dai Bvarsson', 'Iceland', 26),
        ('P-01218', 'Heung-min Son', 'South Korea', 26),
        ('P-01263', 'Kasper Schmeichel', 'Denmark', 32),
        ('P-01304', 'Ashley Young', 'England', 33),
        ('P-01308', 'Jamie Vardy', 'England', 31),
        ('P-01338', 'Jordan Pickford', 'England', 24),
        ('P-01351', 'Youssef En-Nesyri', 'Morocco', 21),
        ('P-01366', 'N''Golo Kant', 'France', 27),
        ('P-01385', 'Yerry Mina', 'Colombia', 24),
        ('P-01386', 'Luis Ovalle', 'Panama', 30),
        ('P-01391', 'Kelechi Iheanacho', 'Nigeria', 22),
        ('P-01435', 'Simon Kjr', 'Denmark', 29),
        ('P-01446', 'Yo-han Go', 'South Korea', 30),
        ('P-01471', 'Isaac Kiese Thelin', 'Sweden', 26),
        ('P-01474', 'Milo Veljkovi', 'Serbia', 23),
        ('P-01502', 'ukasz Fabiaski', 'Poland', 33),
        ('P-01503', 'not applicable Fagner', 'Brazil', 29),
        ('P-01532', 'Nahitan Nndez', 'Uruguay', 23),
        ('P-01537', 'Bryan Ruiz', 'Costa Rica', 33),
        ('P-01570', 'Gustav Svensson', 'Sweden', 31),
        ('P-01576', 'not applicable Neymar', 'Brazil', 26),
        ('P-01580', 'Rrik Gslason', 'Iceland', 30),
        ('P-01590', 'Christian Cueva', 'Peru', 27),
        ('P-01608', 'Diego Laxalt', 'Uruguay', 25),
        ('P-01610', 'Saman Ghoddos', 'Iran', 25),
        ('P-01625', 'Miguel Layn', 'Mexico', 30),
        ('P-01627', 'Yuya Osako', 'Japan', 28),
        ('P-01630', 'Jhonny Acosta', 'Costa Rica', 35),
        ('P-01635', 'Antonio Rukavina', 'Serbia', 34),
        ('P-01642', 'Essam El Hadary', 'Egypt', 45),
        ('P-01677', 'Oribe Peralta', 'Mexico', 34),
        ('P-01687', 'Cheikhou Kouyat', 'Senegal', 29),
        ('P-01705', 'Valon Behrami', 'Switzerland', 33),
        ('P-01748', 'Sergej Milinkovi-Savi', 'Serbia', 23),
        ('P-01758', 'Steve Mandanda', 'France', 33),
        ('P-01786', 'Alfred N''Diaye', 'Senegal', 28),
        ('P-01805', 'dgar Brcenas', 'Panama', 25),
        ('P-01852', 'not applicable Casemiro', 'Brazil', 26),
        ('P-01866', 'Alfre Finnbogason', 'Iceland', 29),
        ('P-01888', 'Matas Vecino', 'Uruguay', 27),
        ('P-01940', 'Roberto Firmino', 'Brazil', 27),
        ('P-01950', 'not applicable Kahraba', 'Egypt', 24),
        ('P-01965', 'Pontus Jansson', 'Sweden', 27),
        ('P-01972', 'Micha Pazdan', 'Poland', 31),
        ('P-01984', 'Youssouf Sabaly', 'Senegal', 25),
        ('P-02011', 'Jimmy Durmaz', 'Sweden', 29),
        ('P-02030', 'Djibril Sidib', 'France', 26),
        ('P-02035', 'Phil Jones', 'England', 26),
        ('P-02058', 'Thomas Vermaelen', 'Belgium', 33),
        ('P-02060', 'Takashi Usami', 'Japan', 26),
        ('P-02100', 'Manuel da Costa', 'Morocco', 32),
        ('P-02157', 'Giorgian De Arrascaeta', 'Uruguay', 24),
        ('P-02175', 'Romelu Lukaku', 'Belgium', 25),
        ('P-02185', 'Raphal Guerreiro', 'Portugal', 25),
        ('P-02201', 'Ehsan Hajsafi', 'Iran', 28),
        ('P-02226', 'Thomas Delaney', 'Denmark', 27),
        ('P-02230', 'Breel Embolo', 'Switzerland', 21),
        ('P-02237', 'Andrs Iniesta', 'Spain', 34),
        ('P-02333', 'Artem Dzyuba', 'Russia', 30),
        ('P-02343', 'Juan Fernando Quintero', 'Colombia', 25),
        ('P-02357', 'Guillermo Varela', 'Uruguay', 25),
        ('P-02415', 'Andr Silva', 'Portugal', 23),
        ('P-02421', 'Edson lvarez', 'Mexico', 21),
        ('P-02425', 'Thiago Silva', 'Brazil', 34),
        ('P-02435', 'Rodney Wallace', 'Costa Rica', 30),
        ('P-02440', 'Lovre Kalini', 'Croatia', 28),
        ('P-02470', 'Felipe Baloy', 'Panama', 37),
        ('P-02492', 'Dele Alli', 'England', 22),
        ('P-02561', 'Simeon Nwankwo', 'Nigeria', 26),
        ('P-02603', 'Hannes r Halldrsson', 'Iceland', 34),
        ('P-02610', 'Timo Werner', 'Germany', 22),
        ('P-02627', 'Keylor Navas', 'Costa Rica', 32),
        ('P-02640', 'Karim Ansarifard', 'Iran', 28),
        ('P-02645', 'Peter Etebo', 'Nigeria', 23),
        ('P-02675', 'Fernando Muslera', 'Uruguay', 32),
        ('P-02680', 'Mathew Leckie', 'Australia', 27),
        ('P-02710', 'Xherdan Shaqiri', 'Switzerland', 27),
        ('P-02718', 'Ousmane Dembl', 'France', 21),
        ('P-02739', 'Ruben Loftus-Cheek', 'England', 22),
        ('P-02762', 'Nabil Fekir', 'France', 25),
        ('P-02763', 'Filip Kosti', 'Serbia', 26),
        ('P-02773', 'Celso Borges', 'Costa Rica', 30),
        ('P-02781', 'Marco Asensio', 'Spain', 22),
        ('P-02791', 'Joo Mrio', 'Portugal', 25),
        ('P-02840', 'Gtoku Sakai', 'Japan', 27),
        ('P-02842', 'Kylian Mbapp', 'France', 20),
        ('P-02847', 'Rafael Mrquez', 'Mexico', 39),
        ('P-02859', 'Gylfi Sigursson', 'Iceland', 29),
        ('P-02863', 'Leander Dendoncker', 'Belgium', 23),
        ('P-02897', 'Willy Caballero', 'Argentina', 37),
        ('P-02908', 'Sergei Ignashevich', 'Russia', 39),
        ('P-02956', 'Marcos Rojo', 'Argentina', 28),
        ('P-02985', 'Emil Hallfresson', 'Iceland', 34),
        ('P-03014', 'Duan Tadi', 'Serbia', 30),
        ('P-03015', 'Cristiano Ronaldo', 'Portugal', 33),
        ('P-03025', 'Bernardo Silva', 'Portugal', 24),
        ('P-03031', 'Carlos Snchez', 'Uruguay', 34),
        ('P-03056', 'Luka Modri', 'Croatia', 33),
        ('P-03102', 'Ral Ruidaz', 'Peru', 28),
        ('P-03106', 'Rouzbeh Cheshmi', 'Iran', 25),
        ('P-03225', 'Kendall Waston', 'Costa Rica', 30),
        ('P-03235', 'Denis Cheryshev', 'Russia', 28),
        ('P-03253', 'Fakhreddine Ben Youssef', 'Tunisia', 27),
        ('P-03262', 'Christian Eriksen', 'Denmark', 26),
        ('P-03355', 'David Guzmn', 'Costa Rica', 28),
        ('P-03359', 'Francis Uzoho', 'Nigeria', 20),
        ('P-03363', 'Ante Rebi', 'Croatia', 25),
        ('P-03366', 'Salem Al-Dawsari', 'Saudi Arabia', 27),
        ('P-03372', 'Grzegorz Krychowiak', 'Poland', 28),
        ('P-03377', 'Lukas Lerager', 'Denmark', 25),
        ('P-03379', 'Shinji Kagawa', 'Japan', 29),
        ('P-03386', 'Mats Hummels', 'Germany', 30),
        ('P-03402', 'Radamel Falcao', 'Colombia', 32),
        ('P-03414', 'Blas Prez', 'Panama', 37),
        ('P-03417', 'Hamdi Nagguez', 'Tunisia', 26),
        ('P-03422', 'Edison Flores', 'Peru', 24),
        ('P-03438', 'Eduardo Salvio', 'Argentina', 28),
        ('P-03439', 'Mbark Boussoufa', 'Morocco', 34),
        ('P-03473', 'Toni Kroos', 'Germany', 28),
        ('P-03490', 'Jaime Penedo', 'Panama', 37),
        ('P-03518', 'Youri Tielemans', 'Belgium', 21),
        ('P-03533', 'Housain Al-Mogahwi', 'Saudi Arabia', 30),
        ('P-03540', 'Harry Maguire', 'England', 25),
        ('P-03545', 'Hrur Bjrgvin Magnsson', 'Iceland', 25),
        ('P-03550', 'Gary Cahill', 'England', 33),
        ('P-03566', 'Motaz Hawsawi', 'Saudi Arabia', 26),
        ('P-03575', 'Granit Xhaka', 'Switzerland', 26),
        ('P-03595', 'Tomi Juric', 'Australia', 27),
        ('P-03603', 'Ludwig Augustinsson', 'Sweden', 24),
        ('P-03631', 'Wilmar Barrios', 'Colombia', 25),
        ('P-03676', 'James Rodrguez', 'Colombia', 27),
        ('P-03685', 'Jackson Irvine', 'Australia', 25),
        ('P-03713', 'Munir Mohamedi', 'Morocco', 29),
        ('P-03759', 'Hugo Ayala', 'Mexico', 31),
        ('P-03767', 'Cristian Pavn', 'Argentina', 22),
        ('P-03774', 'Ari Freyr Sklason', 'Iceland', 31),
        ('P-03779', 'Andrej Kramari', 'Croatia', 27),
        ('P-03785', 'Hotaru Yamaguchi', 'Japan', 28),
        ('P-03824', 'Michael Amir Murillo', 'Panama', 22),
        ('P-03847', 'Shinji Okazaki', 'Japan', 32),
        ('P-03867', 'Andreas Cornelius', 'Denmark', 25),
        ('P-03872', 'Aleksandar Mitrovi', 'Serbia', 24),
        ('P-03878', 'Genki Haraguchi', 'Japan', 27),
        ('P-03879', 'Wilfred Ndidi', 'Nigeria', 22),
        ('P-03892', 'Blerim Demaili', 'Switzerland', 32),
        ('P-03897', 'Achraf Hakimi', 'Morocco', 20),
        ('P-03905', 'Douglas Costa', 'Brazil', 28),
        ('P-03906', 'Hiroki Sakai', 'Japan', 28),
        ('P-03917', 'not applicable Paulinho', 'Brazil', 30),
        ('P-03922', 'Marco Fabin', 'Mexico', 29),
        ('P-03925', 'Yuto Nagatomo', 'Japan', 32),
        ('P-03949', 'ukasz Teodorczyk', 'Poland', 27),
        ('P-03958', 'Keita Bald', 'Senegal', 23),
        ('P-03964', 'M''Baye Niang', 'Senegal', 24),
        ('P-03992', 'Seon-min Moon', 'South Korea', 26),
        ('P-03998', 'Aziz Behich', 'Australia', 28),
        ('P-04011', 'Saber Khalifa', 'Tunisia', 32),
        ('P-04031', 'Sebastian Rudy', 'Germany', 28),
        ('P-04035', 'Ahmed Hegazi', 'Egypt', 27),
        ('P-04044', 'Nicolai Jrgensen', 'Denmark', 27),
        ('P-04079', 'Amr Warda', 'Egypt', 25),
        ('P-04098', 'Robin Olsen', 'Sweden', 28),
        ('P-04099', 'Jess Manuel Corona', 'Mexico', 25),
        ('P-04130', 'Eric Dier', 'England', 24),
        ('P-04158', 'ngel Di Mara', 'Argentina', 30),
        ('P-04170', 'Steven Zuber', 'Switzerland', 27),
        ('P-04177', 'Ghailene Chaalali', 'Tunisia', 24),
        ('P-04187', 'Wahbi Khazri', 'Tunisia', 27),
        ('P-04214', 'Eden Hazard', 'Belgium', 27),
        ('P-04218', 'Alireza Beiranvand', 'Iran', 26),
        ('P-04226', 'Johan Venegas', 'Costa Rica', 30),
        ('P-04241', 'Marwan Mohsen', 'Egypt', 29),
        ('P-04243', 'Saeid Ezatolahi', 'Iran', 22),
        ('P-04246', 'Fyodor Kudryashov', 'Russia', 31),
        ('P-04253', 'Vladimir Granat', 'Russia', 31),
        ('P-04313', 'Tom Rogic', 'Australia', 26),
        ('P-04363', 'Toby Alderweireld', 'Belgium', 29),
        ('P-04391', 'Nemanja Mati', 'Serbia', 30),
        ('P-04404', 'Paolo Guerrero', 'Peru', 34),
        ('P-04407', 'Joel Campbell', 'Costa Rica', 26),
        ('P-04415', 'ime Vrsaljko', 'Croatia', 26),
        ('P-04441', 'Andreas Granqvist', 'Sweden', 33),
        ('P-04468', 'Keisuke Honda', 'Japan', 32),
        ('P-04472', 'Enzo Prez', 'Argentina', 32),
        ('P-04523', 'Jonathan Urretaviscaya', 'Uruguay', 28),
        ('P-04531', 'Fabian Delph', 'England', 29),
        ('P-04532', 'Mark Milligan', 'Australia', 33),
        ('P-04533', 'scar Duarte', 'Costa Rica', 29),
        ('P-04584', 'Aleksandr Samedov', 'Russia', 34),
        ('P-04586', 'Franco Armani', 'Argentina', 32),
        ('P-04637', 'Woo-young Jung', 'South Korea', 29),
        ('P-04692', 'Diafra Sakho', 'Senegal', 29),
        ('P-04714', 'Viktor Claesson', 'Sweden', 26),
        ('P-04717', 'Artur Jdrzejczyk', 'Poland', 31),
        ('P-04730', 'Carlos Bacca', 'Colombia', 32),
        ('P-04732', 'Hugo Lloris', 'France', 32),
        ('P-04751', 'Kasper Dolberg', 'Denmark', 21),
        ('P-04755', 'Mateus Uribe', 'Colombia', 27),
        ('P-04766', 'Nikola Milenkovi', 'Serbia', 21),
        ('P-04767', 'Alireza Jahanbakhsh', 'Iran', 25),
        ('P-04784', 'Thorgan Hazard', 'Belgium', 25),
        ('P-04792', 'Rui Patrcio', 'Portugal', 30),
        ('P-04793', 'Kri rnason', 'Iceland', 36),
        ('P-04804', 'Robert Lewandowski', 'Poland', 30),
        ('P-04852', 'Renato Tapia', 'Peru', 23),
        ('P-04885', 'Idrissa Gueye', 'Senegal', 29),
        ('P-04888', 'Ivan Perii', 'Croatia', 29),
        ('P-04892', 'Ali Gabr', 'Egypt', 29),
        ('P-04908', 'Moussa Wagu', 'Senegal', 20),
        ('P-04916', 'Yury Gazinsky', 'Russia', 29),
        ('P-04933', 'Dani Carvajal', 'Spain', 26),
        ('P-04986', 'not applicable Koke', 'Spain', 26),
        ('P-05006', 'Mikael Lustig', 'Sweden', 32),
        ('P-05007', 'Yann Sommer', 'Switzerland', 30),
        ('P-05059', 'Jonas Knudsen', 'Denmark', 26),
        ('P-05064', 'Francisco Calvo', 'Costa Rica', 26),
        ('P-05093', 'Jos Gimnez', 'Uruguay', 23),
        ('P-05096', 'Anbal Godoy', 'Panama', 28),
        ('P-05121', 'Pedro Aquino', 'Peru', 23),
        ('P-05141', 'Bjrn Bergmann Sigurarson', 'Iceland', 27),
        ('P-05143', 'Josh Risdon', 'Australia', 26),
        ('P-05144', 'Albin Ekdal', 'Sweden', 29),
        ('P-05170', 'Andrs Guardado', 'Mexico', 32),
        ('P-05174', 'Mohamed El Shenawy', 'Egypt', 30),
        ('P-05188', 'Ivan Strini', 'Croatia', 31),
        ('P-05198', 'Leon Goretzka', 'Germany', 23),
        ('P-05231', 'Ali Al-Bulaihi', 'Saudi Arabia', 29),
        ('P-05253', 'Piotr Zieliski', 'Poland', 24),
        ('P-05257', 'Chul Hong', 'South Korea', 28),
        ('P-05274', 'Mario Gavranovi', 'Switzerland', 29),
        ('P-05305', 'Thomas Meunier', 'Belgium', 27),
        ('P-05355', 'Marcos Acua', 'Argentina', 27),
        ('P-05365', 'Dawid Kownacki', 'Poland', 21),
        ('P-05374', 'Juan Cuadrado', 'Colombia', 30),
        ('P-05388', 'Jae-sung Lee', 'South Korea', 26),
        ('P-05395', 'Ramadan Sobhi', 'Egypt', 21),
        ('P-05396', 'Axel Witsel', 'Belgium', 29),
        ('P-05429', 'Nicols Otamendi', 'Argentina', 30),
        ('P-05438', 'Yasser Al-Mosailem', 'Saudi Arabia', 34),
        ('P-05457', 'Diego Godn', 'Uruguay', 32),
        ('P-05458', 'Mesut zil', 'Germany', 30),
        ('P-05463', 'Yahya Al-Shehri', 'Saudi Arabia', 28),
        ('P-05482', 'Wilder Cartagena', 'Peru', 24),
        ('P-05484', 'Lasse Schne', 'Denmark', 32),
        ('P-05487', 'Hyeon-woo Jo', 'South Korea', 27),
        ('P-05560', 'Jhann Berg Gumundsson', 'Iceland', 28),
        ('P-05566', 'Ilya Kutepov', 'Russia', 25),
        ('P-05569', 'Salif San', 'Senegal', 28),
        ('P-05571', 'Sung-yueng Ki', 'South Korea', 29),
        ('P-05579', 'Dejan Lovren', 'Croatia', 29),
        ('P-05588', 'Ivan Rakiti', 'Croatia', 30),
        ('P-05620', 'Nordin Amrabat', 'Morocco', 31),
        ('P-05632', 'Jordan Henderson', 'England', 28),
        ('P-05647', 'Mathias Jrgensen', 'Denmark', 28),
        ('P-05665', 'Thibaut Courtois', 'Belgium', 26),
        ('P-05692', 'not applicable Pepe', 'Portugal', 35),
        ('P-05711', 'Christian Ramos', 'Peru', 30),
        ('P-05712', 'Eiji Kawashima', 'Japan', 35),
        ('P-05737', 'Carlos Snchez', 'Colombia', 32),
        ('P-05749', 'Luis Surez', 'Uruguay', 31),
        ('P-05752', 'Wojciech Szczsny', 'Poland', 28),
        ('P-05755', 'Benjamin Mendy', 'France', 24),
        ('P-05828', 'Michy Batshuayi', 'Belgium', 25),
        ('P-05832', 'Julian Brandt', 'Germany', 22),
        ('P-05843', 'Sverrir Ingi Ingason', 'Iceland', 25),
        ('P-05846', 'Yussuf Poulsen', 'Denmark', 24),
        ('P-05866', 'Julian Draxler', 'Germany', 25),
        ('P-05908', 'Diego Costa', 'Spain', 30),
        ('P-05910', 'Filip Bradari', 'Croatia', 26),
        ('P-05920', 'Santiago Arias', 'Colombia', 26),
        ('P-05943', 'William Carvalho', 'Portugal', 26),
        ('P-05955', 'Robbie Kruse', 'Australia', 30),
        ('P-06010', 'Maximiliano Meza', 'Argentina', 26),
        ('P-06012', 'Sawomir Peszko', 'Poland', 33),
        ('P-06013', 'Ral Jimnez', 'Mexico', 27),
        ('P-06022', 'Jos Izquierdo', 'Colombia', 26),
        ('P-06026', 'Kyle Walker', 'England', 28),
        ('P-06062', 'Khadim N''Diaye', 'Senegal', 33),
        ('P-06072', 'Ferjani Sassi', 'Tunisia', 26),
        ('P-06083', 'Paul Pogba', 'France', 25),
        ('P-06085', 'Young-gwon Kim', 'South Korea', 28),
        ('P-06100', 'Sergio Busquets', 'Spain', 30),
        ('P-06140', 'Antoine Griezmann', 'France', 27),
        ('P-06152', 'Carlos Salcedo', 'Mexico', 25),
        ('P-06157', 'Jos Luis Rodrguez', 'Panama', 20),
        ('P-06159', 'Andreas Christensen', 'Denmark', 22),
        ('P-06163', 'Javier Mascherano', 'Argentina', 34),
        ('P-06179', 'not applicable Marquinhos', 'Brazil', 24),
        ('P-06226', 'Marcus Berg', 'Sweden', 32),
        ('P-06236', 'Trent Alexander-Arnold', 'England', 20),
        ('P-06285', 'Davinson Snchez', 'Colombia', 22),
        ('P-06292', 'Nacer Chadli', 'Belgium', 29),
        ('P-06295', 'Niklas Sle', 'Germany', 23),
        ('P-06302', 'ukasz Piszczek', 'Poland', 33),
        ('P-06309', 'Vahid Amiri', 'Iran', 30),
        ('P-06315', 'Danny Welbeck', 'England', 28),
        ('P-06323', 'Domagoj Vida', 'Croatia', 29),
        ('P-06343', 'Carlos Vela', 'Mexico', 29),
        ('P-06346', 'Martin Braithwaite', 'Denmark', 27),
        ('P-06396', 'not applicable Thiago', 'Spain', 27),
        ('P-06400', 'Raphal Varane', 'France', 25),
        ('P-06409', 'David de Gea', 'Spain', 28),
        ('P-06410', 'Lionel Messi', 'Argentina', 31),
        ('P-06426', 'Arnr Ingvi Traustason', 'Iceland', 25),
        ('P-06456', 'Majid Hosseini', 'Iran', 22),
        ('P-06485', 'Arkadiusz Milik', 'Poland', 24),
        ('P-06486', 'not applicable Isco', 'Spain', 26),
        ('P-06488', 'Ricardo Quaresma', 'Portugal', 35),
        ('P-06493', 'Stephan Lichtsteiner', 'Switzerland', 34),
        ('P-06494', 'Nicols Tagliafico', 'Argentina', 26),
        ('P-06548', 'Karim El Ahmadi', 'Morocco', 33),
        ('P-06554', 'Manuel Neuer', 'Germany', 32),
        ('P-06565', 'Emil Forsberg', 'Sweden', 27),
        ('P-06573', 'Corentin Tolisso', 'France', 24),
        ('P-06575', 'Mousa Dembl', 'Belgium', 31),
        ('P-06577', 'Abdiel Arroyo', 'Panama', 25),
        ('P-06609', 'Dries Mertens', 'Belgium', 31),
        ('P-06615', 'Abdullah Otayf', 'Saudi Arabia', 26),
        ('P-06632', 'Anice Badri', 'Tunisia', 28),
        ('P-06636', 'Oussama Haddadi', 'Tunisia', 26),
        ('P-06656', 'Adem Ljaji', 'Serbia', 27),
        ('P-06684', 'not applicable Willian', 'Brazil', 30),
        ('P-06694', 'Moussa Konat', 'Senegal', 25),
        ('P-06696', 'Daniel Colindres', 'Costa Rica', 33),
        ('P-06697', 'Mouez Hassen', 'Tunisia', 23),
        ('P-06704', 'Tin Jedvaj', 'Croatia', 23),
        ('P-06725', 'Maxi Gmez', 'Uruguay', 22),
        ('P-06732', 'Danny Rose', 'England', 28),
        ('P-06760', 'Ismael Daz', 'Panama', 21),
        ('P-06772', 'Leon Balogun', 'Nigeria', 30),
        ('P-06796', 'Duko Toi', 'Serbia', 33),
        ('P-06821', 'Saf-Eddine Khaoui', 'Tunisia', 23),
        ('P-06827', 'Denis Zakaria', 'Switzerland', 22),
        ('P-06838', 'Bruno Fernandes', 'Portugal', 24),
        ('P-06884', 'Martn Cceres', 'Uruguay', 31),
        ('P-06889', 'Young-sun Yun', 'South Korea', 30),
        ('P-06901', 'Branislav Ivanovi', 'Serbia', 34),
        ('P-06939', 'Joshua Kimmich', 'Germany', 23),
        ('P-06944', 'Mame Biram Diouf', 'Senegal', 31),
        ('P-06947', 'Manuel Fernandes', 'Portugal', 32),
        ('P-06985', 'Sam Morsy', 'Egypt', 27),
        ('P-06992', 'Oscar Hiljemark', 'Sweden', 26),
        ('P-07039', 'John Stones', 'England', 24),
        ('P-07042', 'Jakub Baszczykowski', 'Poland', 33),
        ('P-07044', 'Trent Sainsbury', 'Australia', 26),
        ('P-07061', 'Youns Belhanda', 'Morocco', 28),
        ('P-07077', 'Yuri Zhirkov', 'Russia', 35),
        ('P-07081', 'Steven Nzonzi', 'France', 30),
        ('P-07087', 'Muhannad Assiri', 'Saudi Arabia', 32),
        ('P-07104', 'Javier Hernndez', 'Mexico', 30),
        ('P-07107', 'Sardar Azmoun', 'Iran', 23),
        ('P-07112', 'Thomas Lemar', 'France', 23),
        ('P-07121', 'Thiago Cionek', 'Poland', 32),
        ('P-07151', 'Bassem Srarfi', 'Tunisia', 21),
        ('P-07156', 'Hctor Herrera', 'Mexico', 28),
        ('P-07201', 'Luka Milivojevi', 'Serbia', 27),
        ('P-07246', 'Rami Bedoui', 'Tunisia', 28),
        ('P-07257', 'Andr Carrillo', 'Peru', 27),
        ('P-07288', 'Medhi Benatia', 'Morocco', 31),
        ('P-07315', 'Jefferson Farfn', 'Peru', 34),
        ('P-07317', 'Yannick Carrasco', 'Belgium', 25),
        ('P-07347', 'Marcus Rashford', 'England', 21),
        ('P-07353', 'Anderson Santamara', 'Peru', 26),
        ('P-07356', 'Samuel Umtiti', 'France', 25),
        ('P-07359', 'Gabriel Mercado', 'Argentina', 31),
        ('P-07415', 'Masoud Shojaei', 'Iran', 34),
        ('P-07430', 'Miguel Trauco', 'Peru', 26),
        ('P-07453', 'Hakim Ziyech', 'Morocco', 25),
        ('P-07471', 'Mohammed Al-Owais', 'Saudi Arabia', 27),
        ('P-07477', 'Jacek Gralski', 'Poland', 26),
        ('P-07486', 'Jos Fonte', 'Portugal', 35),
        ('P-07487', 'Philippe Coutinho', 'Brazil', 26),
        ('P-07536', 'Fabian Schr', 'Switzerland', 27),
        ('P-07552', 'Fahad Al-Muwallad', 'Saudi Arabia', 24),
        ('P-07567', 'Ismala Sarr', 'Senegal', 20),
        ('P-07592', 'Ahmed Fathy', 'Egypt', 34),
        ('P-07595', 'Yeltsin Tejeda', 'Costa Rica', 26),
        ('P-07609', 'not applicable Rodrigo', 'Spain', 27),
        ('P-07615', 'Syam Ben Youssef', 'Tunisia', 29),
        ('P-07642', 'Aleksei Miranchuk', 'Russia', 23),
        ('P-07670', 'Nemanja Radonji', 'Serbia', 22),
        ('P-07674', 'Ellyes Skhiri', 'Tunisia', 23),
        ('P-07679', 'Ola Toivonen', 'Sweden', 32),
        ('P-07739', 'Ahmed Khalil', 'Tunisia', 24),
        ('P-07744', 'Mohammad Al-Sahlawi', 'Saudi Arabia', 31),
        ('P-07761', 'Yassine Meriah', 'Tunisia', 25),
        ('P-07772', 'Gen Shoji', 'Japan', 26),
        ('P-07790', 'not applicable Fernandinho', 'Brazil', 33),
        ('P-07792', 'Gonalo Guedes', 'Portugal', 22),
        ('P-07813', 'not applicable Cdric', 'Portugal', 27),
        ('P-07818', 'Giovani dos Santos', 'Mexico', 29),
        ('P-07826', 'Miguel Borja', 'Colombia', 25),
        ('P-07859', 'Mateo Kovai', 'Croatia', 24),
        ('P-07863', 'Birkir Bjarnason', 'Iceland', 30),
        ('P-07865', 'Lamine Gassama', 'Senegal', 29),
        ('P-07868', 'Fidel Escobar', 'Panama', 23),
        ('P-07871', 'Manuel Akanji', 'Switzerland', 23),
        ('P-07887', 'Romn Torres', 'Panama', 32),
        ('P-07912', 'Randall Azofeifa', 'Costa Rica', 34),
        ('P-07913', 'Antonio Rdiger', 'Germany', 25),
        ('P-07925', 'Khalid Boutab', 'Morocco', 31),
        ('P-07933', 'Erick Davis', 'Panama', 27),
        ('P-07936', 'Gelson Martins', 'Portugal', 23),
        ('P-07954', 'Joo Moutinho', 'Portugal', 32),
        ('P-07960', 'Giancarlo Gonzlez', 'Costa Rica', 30),
        ('P-07998', 'Ayoub El Kaabi', 'Morocco', 25),
        ('P-08018', 'Vedran orluka', 'Croatia', 32),
        ('P-08021', 'Albert Gumundsson', 'Iceland', 21),
        ('P-08030', 'lkay Gndoan', 'Germany', 28),
        ('P-08080', 'Sebastin Coates', 'Uruguay', 28),
        ('P-08097', 'William Troost-Ekong', 'Nigeria', 25),
        ('P-08099', 'Rafa Kurzawa', 'Poland', 25),
        ('P-08112', 'not applicable Marcelo', 'Brazil', 30),
        ('P-08156', 'Jess Gallardo', 'Mexico', 24),
        ('P-08157', 'not applicable Danilo', 'Brazil', 27),
        ('P-08163', 'Renato Augusto', 'Brazil', 30),
        ('P-08170', 'Makoto Hasebe', 'Japan', 34),
        ('P-08180', 'Shehu Abdullahi', 'Nigeria', 25),
        ('P-08201', 'Mohamed Amine Ben Amor', 'Tunisia', 26),
        ('P-08230', 'Victor Lindelf', 'Sweden', 24),
        ('P-08235', 'Yoshimar Yotn', 'Peru', 28),
        ('P-08249', 'Aleksandar Kolarov', 'Serbia', 33),
        ('P-08255', 'Ja-cheol Koo', 'South Korea', 29),
        ('P-08258', 'Alberto Rodrguez', 'Peru', 34),
        ('P-08302', 'Dylan Bronn', 'Tunisia', 23),
        ('P-08309', 'Mohamed Kanno', 'Saudi Arabia', 24),
        ('P-08319', 'Mohamed Abdel Shafy', 'Egypt', 33),
        ('P-08345', 'Ian Smith', 'Costa Rica', 20),
        ('P-08361', 'Badou Ndiaye', 'Senegal', 28),
        ('P-08391', 'Jefferson Lerma', 'Colombia', 24),
        ('P-08418', 'Luis Advncula', 'Peru', 28),
        ('P-08439', 'Marcelo Brozovi', 'Croatia', 26),
        ('P-08448', 'Harry Kane', 'England', 25),
        ('P-08453', 'Osama Hawsawi', 'Saudi Arabia', 34),
        ('P-08466', 'not applicable Alisson', 'Brazil', 26),
        ('P-08484', 'Hattan Bahebri', 'Saudi Arabia', 26),
        ('P-08491', 'Roman Zobnin', 'Russia', 24),
        ('P-08520', 'Gaku Shibasaki', 'Japan', 26),
        ('P-08521', 'Sebastian Larsson', 'Sweden', 33),
        ('P-08530', 'Ricardo Pereira', 'Portugal', 25),
        ('P-08531', 'Aymen Mathlouthi', 'Tunisia', 34),
        ('P-08544', 'Hirving Lozano', 'Mexico', 23),
        ('P-08579', 'Mohammed Al-Breik', 'Saudi Arabia', 26),
        ('P-08606', 'Blaise Matuidi', 'France', 31),
        ('P-08661', 'Brian Idowu', 'Nigeria', 26),
        ('P-08662', 'William Kvist', 'Denmark', 33),
        ('P-08663', 'Pione Sisto', 'Denmark', 23),
        ('P-08675', 'John Guidetti', 'Sweden', 26),
        ('P-08682', 'Alan Dzagoev', 'Russia', 28),
        ('P-08695', 'Martin Olsson', 'Sweden', 30),
        ('P-08702', 'Omid Ebrahimi', 'Iran', 31),
        ('P-08712', 'Danijel Subai', 'Croatia', 34),
        ('P-08736', 'not applicable Nacho', 'Spain', 28),
        ('P-08761', 'Michael Lang', 'Switzerland', 27),
        ('P-08782', 'Dedryck Boyata', 'Belgium', 28),
        ('P-08787', 'Victor Moses', 'Nigeria', 28),
        ('P-08843', 'Takashi Inui', 'Japan', 30),
        ('P-08847', 'Iago Aspas', 'Spain', 31),
        ('P-08853', 'Aziz Bouhaddouz', 'Morocco', 31),
        ('P-08905', 'Hyun-soo Jang', 'South Korea', 27),
        ('P-08917', 'Adolfo Machado', 'Panama', 33),
        ('P-08918', 'Hee-chan Hwang', 'South Korea', 22),
        ('P-08920', 'Mile Jedinak', 'Australia', 34),
        ('P-08991', 'Marko Pjaca', 'Croatia', 23),
        ('P-09005', 'Johan Mojica', 'Colombia', 26),
        ('P-09009', 'Abel Aguilar', 'Colombia', 33),
        ('P-09032', 'Fayal Fajr', 'Morocco', 30),
        ('P-09043', 'Joo-ho Park', 'South Korea', 31),
        ('P-09077', 'Cristian Gamboa', 'Costa Rica', 29),
        ('P-09082', 'Mehdi Taremi', 'Iran', 26),
        ('P-09095', 'Sadio Man', 'Senegal', 26),
        ('P-09116', 'Marco Reus', 'Germany', 29),
        ('P-09204', 'Cheikh N''Doye', 'Senegal', 32),
        ('P-09209', 'Aleksandr Yerokhin', 'Russia', 29),
        ('P-09229', 'Farouk Ben Mustapha', 'Tunisia', 29),
        ('P-09250', 'Igor Akinfeev', 'Russia', 32),
        ('P-09251', 'Milad Mohammadi', 'Iran', 25),
        ('P-09308', 'Paolo Hurtado', 'Peru', 28),
        ('P-09313', 'Paulo Dybala', 'Argentina', 25),
        ('P-09322', 'Lucas Torreira', 'Uruguay', 22),
        ('P-09346', 'Jan Vertonghen', 'Belgium', 31),
        ('P-09347', 'Andrija ivkovi', 'Serbia', 22),
        ('P-09406', 'Federico Fazio', 'Argentina', 31),
        ('P-09408', 'Igor Smolnikov', 'Russia', 30),
        ('P-09409', 'Lucas Hernandez', 'France', 22),
        ('P-09415', 'Vladimir Stojkovi', 'Serbia', 35),
        ('P-09421', 'Luis Tejada', 'Panama', 36),
        ('P-09422', 'Mohamed Salah', 'Egypt', 26),
        ('P-09428', 'Lucas Vzquez', 'Spain', 27),
        ('P-09438', 'Jonas Hector', 'Germany', 28),
        ('P-09441', 'Aleksandar Prijovi', 'Serbia', 28),
        ('P-09443', 'Marco Urea', 'Costa Rica', 28),
        ('P-09445', 'Kevin De Bruyne', 'Belgium', 27),
        ('P-09446', 'Ricardo Rodrguez', 'Switzerland', 26),
        ('P-09451', 'Bartosz Bereszyski', 'Poland', 26),
        ('P-09458', 'Seung-woo Lee', 'South Korea', 20),
        ('P-09459', 'Emil Krafth', 'Sweden', 24),
        ('P-09465', 'David Silva', 'Spain', 32),
        ('P-09468', 'Jordi Alba', 'Spain', 29),
        ('P-09480', 'Salman Al-Faraj', 'Saudi Arabia', 29),
        ('P-09489', 'Mario Manduki', 'Croatia', 32),
        ('P-09505', 'Ali Maloul', 'Tunisia', 28),
        ('P-09512', 'Duje aleta-Car', 'Croatia', 22),
        ('P-09525', 'Yoshinori Muto', 'Japan', 26),
        ('P-09537', 'Marvin Plattenhardt', 'Germany', 26),
        ('P-09601', 'Romain Sass', 'Morocco', 28),
        ('P-09605', 'Luka Jovi', 'Serbia', 21),
        ('P-09610', 'Cristin Zapata', 'Colombia', 32),
        ('P-09623', 'Olivier Giroud', 'France', 32),
        ('P-09624', 'Yohan Benalouane', 'Tunisia', 31),
        ('P-09642', 'Min-woo Kim', 'South Korea', 28),
        ('P-09657', 'Ahmed Musa', 'Nigeria', 26),
        ('P-09666', 'Aleksandr Golovin', 'Russia', 22),
        ('P-09692', 'Milan Badelj', 'Croatia', 29),
        ('P-09712', 'Se-jong Ju', 'South Korea', 28),
        ('P-09733', 'Jesse Lingard', 'England', 26),
        ('P-09745', 'Tim Cahill', 'Australia', 39),
        ('P-09766', 'Guillermo Ochoa', 'Mexico', 33),
        ('P-09802', 'Tarek Hamed', 'Egypt', 30),
        ('P-09803', 'Gabriel Torres', 'Panama', 30),
        ('P-09825', 'scar Murillo', 'Colombia', 30),
        ('P-09827', 'Haris Seferovic', 'Switzerland', 26),
        ('P-09864', 'Kamil Glik', 'Poland', 30),
        ('P-09877', 'Andrew Nabbout', 'Australia', 26),
        ('P-09886', 'Gabriel Jesus', 'Brazil', 21),
        ('P-09891', 'Yong Lee', 'South Korea', 32),
        ('P-09910', 'Adrien Silva', 'Portugal', 29),
        ('P-09913', 'Kamil Grosicki', 'Poland', 30),
        ('P-09926', 'Fyodor Smolov', 'Russia', 28),
        ('P-09946', 'Jens Stryger Larsen', 'Denmark', 27),
        ('P-09965', 'Christian Bolaos', 'Costa Rica', 34),
        ('P-09966', 'Rodrigo Bentancur', 'Uruguay', 21),
        ('P-09982', 'not applicable Miranda', 'Brazil', 34),
        ('P-09986', 'Abdallah El Said', 'Egypt', 33),
        ('P-09994', 'Maciej Rybus', 'Poland', 29),
        ('R-001', 'Essam Abdel-Fatah', 'Ivory Coast', 45),
        ('R-002', 'John Adair', 'Northern Ireland', 30),
        ('R-003', 'Luigi Agnolin', 'Italy', 46),
        ('R-004', 'Joel Aguilar', 'El Salvador', 42),
        ('R-005', 'Abel Aguilar Elizalde', 'Serbia', 46),
        ('R-006', 'Sten Ahlner', 'Nigeria', 37),
        ('R-007', 'Ibrahim Youssef Al-Doy', 'Bahrain', 45),
        ('R-008', 'Khalil Al-Ghamdi', 'Saudi Arabia', 32),
        ('R-009', 'Gamal Al-Ghandour', 'Egypt', 47),
        ('R-010', 'Fallaj Al-Shanar', 'Saudi Arabia', 45),
        ('R-011', 'Jamal Al-Sharif', 'Syria', 44),
        ('R-012', 'Yousef Alghoul', 'Libya', 47),
        ('R-013', 'Carlos Amarilla', 'Paraguay', 43),
        ('R-014', 'Arturo Angeles', 'United States', 40),
        ('R-015', 'Aurelio Angonese', 'Italy', 44),
        ('R-016', 'Ubaldo Aquino', 'Paraguay', 33),
        ('R-017', 'Benito Archundia', 'Mexico', 48),
        ('R-018', 'Gilberto Aristizbal', 'United Arab Emirates', 33),
        ('R-019', 'Romualdo Arppi Filho', 'Brazil', 37),
        ('R-020', 'Manuel Asensi', 'West Germany', 46),
        ('R-021', 'Menachem Ashkenazi', 'Israel', 42),
        ('R-022', 'Kenneth Aston', 'Morocco', 32),
        ('R-023', 'Ramn Azn Rom', 'Spain', 30),
        ('R-024', 'Doan Babacan', 'Turkey', 38),
        ('R-025', 'Rodrigo Badilla', 'Costa Rica', 46),
        ('R-026', 'Louis Baert', 'Belgium', 33),
        ('R-027', 'Esfandiar Baharmast', 'United States', 31),
        ('R-028', 'Tofiq Bahramov', 'Soviet Union', 43),
        ('R-029', 'Fabio Baldas', 'Italy', 50),
        ('R-030', 'Hctor Baldassi', 'Argentina', 46),
        ('R-031', 'Thomas Balvay', 'France', 43),
        ('R-032', 'Chris Bambridge', 'Australia', 36),
        ('R-033', 'Rinaldo Barlassina', 'Italy', 46),
        ('R-034', 'Luis Barrancos', 'Bolivia', 45),
        ('R-035', 'Ramn Barreto Ruz', 'Japan', 48),
        ('R-036', 'Carlos Alberto Batres', 'Guatemala', 30),
        ('R-037', 'Marc Batta', 'Austria', 42),
        ('R-038', 'Said Belqola', 'Cameroon', 30),
        ('R-039', 'Gnter Benk', 'Austria', 44),
        ('R-040', 'Olegrio Benquerena', 'Portugal', 31),
        ('R-041', 'Alois Beranek', 'Austria', 45),
        ('R-053', 'Felix Brych', 'Germany', 49),
        ('R-058', 'Enrique Cceres', 'Paraguay', 30),
        ('R-059', 'Cneyt akr', 'Turkey', 50),
        ('R-078', 'Matthew Conger', 'New Zealand', 30),
        ('R-083', 'Andrs Cunha', 'Uruguay', 35),
        ('R-098', 'Malang Diedhiou', 'Senegal', 45),
        ('R-117', 'Alireza Faghani', 'Iran', 31),
        ('R-130', 'Bakary Gassama', 'Gambia', 43),
        ('R-131', 'Mark Geiger', 'United States', 48),
        ('R-140', 'Gehad Grisha', 'Egypt', 48),
        ('R-146', 'Mohammed Abdulla Hassan Mohamed', 'United Arab Emirates', 35),
        ('R-153', 'Ravshan Irmatov', 'Uzbekistan', 46),
        ('R-163', 'Sergei Karasev', 'Russia', 30),
        ('R-175', 'Bjrn Kuipers', 'Netherlands', 45),
        ('R-212', 'Szymon Marciniak', 'Poland', 33),
        ('R-216', 'Jair Marrufo', 'United States', 34),
        ('R-221', 'Antonio Mateu Lahoz', 'Spain', 35),
        ('R-227', 'Milorad Mai', 'Serbia', 39),
        ('R-267', 'Nstor Pitana', 'Argentina', 39),
        ('R-281', 'Csar Arturo Ramos', 'Mexico', 50),
        ('R-287', 'Sandro Ricci', 'Brazil', 43),
        ('R-291', 'Gianluca Rocchi', 'Italy', 43),
        ('R-293', 'Wilmar Roldn', 'Colombia', 40),
        ('R-313', 'Nawaf Shukralla', 'Bahrain', 34),
        ('R-314', 'Janny Sikazwe', 'Zambia', 32),
        ('R-319', 'Damir Skomina', 'Slovenia', 40),
        ('R-341', 'Clment Turpin', 'France', 39);

insert into player (id, team_id, number)
values  ('P-00032', 'T-35', 17),
        ('P-00036', 'T-06', 4),
        ('P-00049', 'T-29', 6),
        ('P-00051', 'T-06', 18),
        ('P-00059', 'T-52', 11),
        ('P-00087', 'T-03', 5),
        ('P-00095', 'T-80', 7),
        ('P-00122', 'T-36', 8),
        ('P-00154', 'T-60', 1),
        ('P-00156', 'T-59', 2),
        ('P-00189', 'T-75', 23),
        ('P-00201', 'T-44', 15),
        ('P-00204', 'T-25', 21),
        ('P-00218', 'T-72', 19),
        ('P-00234', 'T-70', 15),
        ('P-00243', 'T-52', 3),
        ('P-00261', 'T-45', 23),
        ('P-00276', 'T-48', 10),
        ('P-00280', 'T-21', 2),
        ('P-00300', 'T-03', 9),
        ('P-00310', 'T-48', 22),
        ('P-00338', 'T-28', 20),
        ('P-00339', 'T-45', 17),
        ('P-00344', 'T-04', 1),
        ('P-00409', 'T-28', 2),
        ('P-00428', 'T-29', 23),
        ('P-00429', 'T-72', 20),
        ('P-00435', 'T-48', 9),
        ('P-00442', 'T-27', 10),
        ('P-00448', 'T-70', 3),
        ('P-00460', 'T-45', 21),
        ('P-00484', 'T-48', 18),
        ('P-00490', 'T-27', 12),
        ('P-00504', 'T-60', 5),
        ('P-00522', 'T-16', 8),
        ('P-00527', 'T-80', 11),
        ('P-00541', 'T-60', 17),
        ('P-00578', 'T-68', 9),
        ('P-00605', 'T-04', 13),
        ('P-00619', 'T-35', 2),
        ('P-00633', 'T-42', 20),
        ('P-00658', 'T-36', 23),
        ('P-00718', 'T-06', 8),
        ('P-00723', 'T-52', 6),
        ('P-00750', 'T-09', 6),
        ('P-00751', 'T-25', 17),
        ('P-00766', 'T-29', 17),
        ('P-00770', 'T-21', 15),
        ('P-00801', 'T-03', 7),
        ('P-00849', 'T-17', 22),
        ('P-00868', 'T-28', 3),
        ('P-00896', 'T-35', 6),
        ('P-00898', 'T-15', 14),
        ('P-00904', 'T-29', 13),
        ('P-00932', 'T-60', 13),
        ('P-00955', 'T-59', 7),
        ('P-00977', 'T-48', 21),
        ('P-00985', 'T-80', 21),
        ('P-01014', 'T-44', 6),
        ('P-01026', 'T-54', 1),
        ('P-01040', 'T-52', 19),
        ('P-01067', 'T-15', 1),
        ('P-01071', 'T-62', 3),
        ('P-01116', 'T-45', 18),
        ('P-01151', 'T-42', 22),
        ('P-01156', 'T-21', 14),
        ('P-01157', 'T-03', 19),
        ('P-01161', 'T-04', 17),
        ('P-01200', 'T-55', 5),
        ('P-01211', 'T-35', 22),
        ('P-01218', 'T-68', 7),
        ('P-01263', 'T-21', 1),
        ('P-01304', 'T-27', 18),
        ('P-01308', 'T-27', 11),
        ('P-01338', 'T-27', 1),
        ('P-01351', 'T-45', 19),
        ('P-01366', 'T-28', 13),
        ('P-01385', 'T-15', 13),
        ('P-01386', 'T-52', 17),
        ('P-01391', 'T-48', 14),
        ('P-01435', 'T-21', 4),
        ('P-01446', 'T-68', 22),
        ('P-01471', 'T-71', 22),
        ('P-01474', 'T-63', 13),
        ('P-01502', 'T-55', 22),
        ('P-01503', 'T-09', 22),
        ('P-01532', 'T-80', 8),
        ('P-01537', 'T-16', 10),
        ('P-01570', 'T-71', 13),
        ('P-01576', 'T-09', 10),
        ('P-01580', 'T-35', 19),
        ('P-01590', 'T-54', 8),
        ('P-01608', 'T-80', 17),
        ('P-01610', 'T-36', 14),
        ('P-01625', 'T-44', 7),
        ('P-01627', 'T-42', 15),
        ('P-01630', 'T-16', 2),
        ('P-01635', 'T-63', 2),
        ('P-01642', 'T-25', 1),
        ('P-01677', 'T-44', 19),
        ('P-01687', 'T-62', 8),
        ('P-01705', 'T-72', 11),
        ('P-01748', 'T-63', 20),
        ('P-01758', 'T-28', 16),
        ('P-01786', 'T-62', 13),
        ('P-01805', 'T-52', 8),
        ('P-01852', 'T-09', 5),
        ('P-01866', 'T-35', 11),
        ('P-01888', 'T-80', 15),
        ('P-01940', 'T-09', 20),
        ('P-01950', 'T-25', 11),
        ('P-01965', 'T-71', 18),
        ('P-01972', 'T-55', 2),
        ('P-01984', 'T-62', 12),
        ('P-02011', 'T-71', 21),
        ('P-02030', 'T-28', 19),
        ('P-02035', 'T-27', 16),
        ('P-02058', 'T-06', 3),
        ('P-02060', 'T-42', 11),
        ('P-02100', 'T-45', 4),
        ('P-02157', 'T-80', 10),
        ('P-02175', 'T-06', 9),
        ('P-02185', 'T-56', 5),
        ('P-02201', 'T-36', 3),
        ('P-02226', 'T-21', 8),
        ('P-02230', 'T-72', 7),
        ('P-02237', 'T-70', 6),
        ('P-02333', 'T-59', 22),
        ('P-02343', 'T-15', 20),
        ('P-02357', 'T-80', 4),
        ('P-02415', 'T-56', 9),
        ('P-02421', 'T-44', 21),
        ('P-02425', 'T-09', 2),
        ('P-02435', 'T-16', 13),
        ('P-02440', 'T-17', 12),
        ('P-02470', 'T-52', 23),
        ('P-02492', 'T-27', 20),
        ('P-02561', 'T-48', 13),
        ('P-02603', 'T-35', 1),
        ('P-02610', 'T-29', 9),
        ('P-02627', 'T-16', 1),
        ('P-02640', 'T-36', 10),
        ('P-02645', 'T-48', 8),
        ('P-02675', 'T-80', 1),
        ('P-02680', 'T-04', 7),
        ('P-02710', 'T-72', 23),
        ('P-02718', 'T-28', 11),
        ('P-02739', 'T-27', 21),
        ('P-02762', 'T-28', 18),
        ('P-02763', 'T-63', 17),
        ('P-02773', 'T-16', 5),
        ('P-02781', 'T-70', 20),
        ('P-02791', 'T-56', 10),
        ('P-02840', 'T-42', 21),
        ('P-02842', 'T-28', 10),
        ('P-02847', 'T-44', 4),
        ('P-02859', 'T-35', 10),
        ('P-02863', 'T-06', 23),
        ('P-02897', 'T-03', 23),
        ('P-02908', 'T-59', 4),
        ('P-02956', 'T-03', 16),
        ('P-02985', 'T-35', 20),
        ('P-03014', 'T-63', 10),
        ('P-03015', 'T-56', 7),
        ('P-03025', 'T-56', 11),
        ('P-03031', 'T-80', 5),
        ('P-03056', 'T-17', 10),
        ('P-03102', 'T-54', 11),
        ('P-03106', 'T-36', 4),
        ('P-03225', 'T-16', 19),
        ('P-03235', 'T-59', 6),
        ('P-03253', 'T-75', 8),
        ('P-03262', 'T-21', 10),
        ('P-03355', 'T-16', 20),
        ('P-03359', 'T-48', 23),
        ('P-03363', 'T-17', 18),
        ('P-03366', 'T-60', 18),
        ('P-03372', 'T-55', 10),
        ('P-03377', 'T-21', 18),
        ('P-03379', 'T-42', 10),
        ('P-03386', 'T-29', 5),
        ('P-03402', 'T-15', 9),
        ('P-03414', 'T-52', 7),
        ('P-03417', 'T-75', 21),
        ('P-03422', 'T-54', 20),
        ('P-03438', 'T-03', 18),
        ('P-03439', 'T-45', 14),
        ('P-03473', 'T-29', 8),
        ('P-03490', 'T-52', 1),
        ('P-03518', 'T-06', 17),
        ('P-03533', 'T-60', 16),
        ('P-03540', 'T-27', 6),
        ('P-03545', 'T-35', 18),
        ('P-03550', 'T-27', 15),
        ('P-03566', 'T-60', 23),
        ('P-03575', 'T-72', 10),
        ('P-03595', 'T-04', 9),
        ('P-03603', 'T-71', 6),
        ('P-03631', 'T-15', 5),
        ('P-03676', 'T-15', 10),
        ('P-03685', 'T-04', 22),
        ('P-03713', 'T-45', 12),
        ('P-03759', 'T-44', 2),
        ('P-03767', 'T-03', 22),
        ('P-03774', 'T-35', 23),
        ('P-03779', 'T-17', 9),
        ('P-03785', 'T-42', 16),
        ('P-03824', 'T-52', 2),
        ('P-03847', 'T-42', 9),
        ('P-03867', 'T-21', 21),
        ('P-03872', 'T-63', 9),
        ('P-03878', 'T-42', 8),
        ('P-03879', 'T-48', 4),
        ('P-03892', 'T-72', 15),
        ('P-03897', 'T-45', 2),
        ('P-03905', 'T-09', 7),
        ('P-03906', 'T-42', 19),
        ('P-03917', 'T-09', 15),
        ('P-03922', 'T-44', 8),
        ('P-03925', 'T-42', 5),
        ('P-03949', 'T-55', 14),
        ('P-03958', 'T-62', 20),
        ('P-03964', 'T-62', 19),
        ('P-03992', 'T-68', 18),
        ('P-03998', 'T-04', 16),
        ('P-04011', 'T-75', 19),
        ('P-04031', 'T-29', 19),
        ('P-04035', 'T-25', 6),
        ('P-04044', 'T-21', 9),
        ('P-04079', 'T-25', 22),
        ('P-04098', 'T-71', 1),
        ('P-04099', 'T-44', 17),
        ('P-04130', 'T-27', 4),
        ('P-04158', 'T-03', 11),
        ('P-04170', 'T-72', 14),
        ('P-04177', 'T-75', 20),
        ('P-04187', 'T-75', 10),
        ('P-04214', 'T-06', 10),
        ('P-04218', 'T-36', 1),
        ('P-04226', 'T-16', 11),
        ('P-04241', 'T-25', 9),
        ('P-04243', 'T-36', 6),
        ('P-04246', 'T-59', 13),
        ('P-04253', 'T-59', 14),
        ('P-04313', 'T-04', 23),
        ('P-04363', 'T-06', 2),
        ('P-04391', 'T-63', 21),
        ('P-04404', 'T-54', 9),
        ('P-04407', 'T-16', 12),
        ('P-04415', 'T-17', 2),
        ('P-04441', 'T-71', 4),
        ('P-04468', 'T-42', 4),
        ('P-04472', 'T-03', 15),
        ('P-04523', 'T-80', 20),
        ('P-04531', 'T-27', 17),
        ('P-04532', 'T-04', 5),
        ('P-04533', 'T-16', 6),
        ('P-04584', 'T-59', 19),
        ('P-04586', 'T-03', 12),
        ('P-04637', 'T-68', 15),
        ('P-04692', 'T-62', 15),
        ('P-04714', 'T-71', 17),
        ('P-04717', 'T-55', 3),
        ('P-04730', 'T-15', 7),
        ('P-04732', 'T-28', 1),
        ('P-04751', 'T-21', 12),
        ('P-04755', 'T-15', 15),
        ('P-04766', 'T-63', 15),
        ('P-04767', 'T-36', 18),
        ('P-04784', 'T-06', 16),
        ('P-04792', 'T-56', 1),
        ('P-04793', 'T-35', 14),
        ('P-04804', 'T-55', 9),
        ('P-04852', 'T-54', 13),
        ('P-04885', 'T-62', 5),
        ('P-04888', 'T-17', 4),
        ('P-04892', 'T-25', 2),
        ('P-04908', 'T-62', 22),
        ('P-04916', 'T-59', 8),
        ('P-04933', 'T-70', 2),
        ('P-04986', 'T-70', 8),
        ('P-05006', 'T-71', 2),
        ('P-05007', 'T-72', 1),
        ('P-05059', 'T-21', 5),
        ('P-05064', 'T-16', 15),
        ('P-05093', 'T-80', 2),
        ('P-05096', 'T-52', 20),
        ('P-05121', 'T-54', 23),
        ('P-05141', 'T-35', 9),
        ('P-05143', 'T-04', 19),
        ('P-05144', 'T-71', 8),
        ('P-05170', 'T-44', 18),
        ('P-05174', 'T-25', 23),
        ('P-05188', 'T-17', 3),
        ('P-05198', 'T-29', 14),
        ('P-05231', 'T-60', 4),
        ('P-05253', 'T-55', 19),
        ('P-05257', 'T-68', 14),
        ('P-05274', 'T-72', 18),
        ('P-05305', 'T-06', 15),
        ('P-05355', 'T-03', 8),
        ('P-05365', 'T-55', 23),
        ('P-05374', 'T-15', 11),
        ('P-05388', 'T-68', 17),
        ('P-05395', 'T-25', 14),
        ('P-05396', 'T-06', 6),
        ('P-05429', 'T-03', 17),
        ('P-05438', 'T-60', 21),
        ('P-05457', 'T-80', 3),
        ('P-05458', 'T-29', 10),
        ('P-05463', 'T-60', 8),
        ('P-05482', 'T-54', 16),
        ('P-05484', 'T-21', 19),
        ('P-05487', 'T-68', 23),
        ('P-05560', 'T-35', 7),
        ('P-05566', 'T-59', 3),
        ('P-05569', 'T-62', 6),
        ('P-05571', 'T-68', 16),
        ('P-05579', 'T-17', 6),
        ('P-05588', 'T-17', 7),
        ('P-05620', 'T-45', 16),
        ('P-05632', 'T-27', 8),
        ('P-05647', 'T-21', 13),
        ('P-05665', 'T-06', 1),
        ('P-05692', 'T-56', 3),
        ('P-05711', 'T-54', 15),
        ('P-05712', 'T-42', 1),
        ('P-05737', 'T-15', 6),
        ('P-05749', 'T-80', 9),
        ('P-05752', 'T-55', 1),
        ('P-05755', 'T-28', 22),
        ('P-05828', 'T-06', 21),
        ('P-05832', 'T-29', 20),
        ('P-05843', 'T-35', 5),
        ('P-05846', 'T-21', 20),
        ('P-05866', 'T-29', 7),
        ('P-05908', 'T-70', 19),
        ('P-05910', 'T-17', 14),
        ('P-05920', 'T-15', 4),
        ('P-05943', 'T-56', 14),
        ('P-05955', 'T-04', 10),
        ('P-06010', 'T-03', 13),
        ('P-06012', 'T-55', 17),
        ('P-06013', 'T-44', 9),
        ('P-06022', 'T-15', 21),
        ('P-06026', 'T-27', 2),
        ('P-06062', 'T-62', 16),
        ('P-06072', 'T-75', 13),
        ('P-06083', 'T-28', 6),
        ('P-06085', 'T-68', 19),
        ('P-06100', 'T-70', 5),
        ('P-06140', 'T-28', 7),
        ('P-06152', 'T-44', 3),
        ('P-06157', 'T-52', 21),
        ('P-06159', 'T-21', 6),
        ('P-06163', 'T-03', 14),
        ('P-06179', 'T-09', 13),
        ('P-06226', 'T-71', 9),
        ('P-06236', 'T-27', 22),
        ('P-06285', 'T-15', 23),
        ('P-06292', 'T-06', 22),
        ('P-06295', 'T-29', 15),
        ('P-06302', 'T-55', 20),
        ('P-06309', 'T-36', 11),
        ('P-06315', 'T-27', 14),
        ('P-06323', 'T-17', 21),
        ('P-06343', 'T-44', 11),
        ('P-06346', 'T-21', 11),
        ('P-06396', 'T-70', 10),
        ('P-06400', 'T-28', 4),
        ('P-06409', 'T-70', 1),
        ('P-06410', 'T-03', 10),
        ('P-06426', 'T-35', 21),
        ('P-06456', 'T-36', 19),
        ('P-06485', 'T-55', 7),
        ('P-06486', 'T-70', 22),
        ('P-06488', 'T-56', 20),
        ('P-06493', 'T-72', 2),
        ('P-06494', 'T-03', 3),
        ('P-06548', 'T-45', 8),
        ('P-06554', 'T-29', 1),
        ('P-06565', 'T-71', 10),
        ('P-06573', 'T-28', 12),
        ('P-06575', 'T-06', 19),
        ('P-06577', 'T-52', 16),
        ('P-06609', 'T-06', 14),
        ('P-06615', 'T-60', 14),
        ('P-06632', 'T-75', 9),
        ('P-06636', 'T-75', 5),
        ('P-06656', 'T-63', 22),
        ('P-06684', 'T-09', 19),
        ('P-06694', 'T-62', 14),
        ('P-06696', 'T-16', 9),
        ('P-06697', 'T-75', 22),
        ('P-06704', 'T-17', 13),
        ('P-06725', 'T-80', 18),
        ('P-06732', 'T-27', 3),
        ('P-06760', 'T-52', 10),
        ('P-06772', 'T-48', 6),
        ('P-06796', 'T-63', 3),
        ('P-06821', 'T-75', 7),
        ('P-06827', 'T-72', 17),
        ('P-06838', 'T-56', 16),
        ('P-06884', 'T-80', 22),
        ('P-06889', 'T-68', 5),
        ('P-06901', 'T-63', 6),
        ('P-06939', 'T-29', 18),
        ('P-06944', 'T-62', 9),
        ('P-06947', 'T-56', 4),
        ('P-06985', 'T-25', 5),
        ('P-06992', 'T-71', 15),
        ('P-07039', 'T-27', 5),
        ('P-07042', 'T-55', 16),
        ('P-07044', 'T-04', 20),
        ('P-07061', 'T-45', 10),
        ('P-07077', 'T-59', 18),
        ('P-07081', 'T-28', 15),
        ('P-07087', 'T-60', 20),
        ('P-07104', 'T-44', 14),
        ('P-07107', 'T-36', 20),
        ('P-07112', 'T-28', 8),
        ('P-07121', 'T-55', 4),
        ('P-07151', 'T-75', 18),
        ('P-07156', 'T-44', 16),
        ('P-07201', 'T-63', 4),
        ('P-07246', 'T-75', 6),
        ('P-07257', 'T-54', 18),
        ('P-07288', 'T-45', 5),
        ('P-07315', 'T-54', 10),
        ('P-07317', 'T-06', 11),
        ('P-07347', 'T-27', 19),
        ('P-07353', 'T-54', 4),
        ('P-07356', 'T-28', 5),
        ('P-07359', 'T-03', 2),
        ('P-07415', 'T-36', 7),
        ('P-07430', 'T-54', 6),
        ('P-07453', 'T-45', 7),
        ('P-07471', 'T-60', 22),
        ('P-07477', 'T-55', 6),
        ('P-07486', 'T-56', 6),
        ('P-07487', 'T-09', 11),
        ('P-07536', 'T-72', 22),
        ('P-07552', 'T-60', 19),
        ('P-07567', 'T-62', 18),
        ('P-07592', 'T-25', 7),
        ('P-07595', 'T-16', 17),
        ('P-07609', 'T-70', 9),
        ('P-07615', 'T-75', 2),
        ('P-07642', 'T-59', 15),
        ('P-07670', 'T-63', 18),
        ('P-07674', 'T-75', 17),
        ('P-07679', 'T-71', 20),
        ('P-07739', 'T-75', 15),
        ('P-07744', 'T-60', 10),
        ('P-07761', 'T-75', 4),
        ('P-07772', 'T-42', 3),
        ('P-07790', 'T-09', 17),
        ('P-07792', 'T-56', 17),
        ('P-07813', 'T-56', 21),
        ('P-07818', 'T-44', 10),
        ('P-07826', 'T-15', 19),
        ('P-07859', 'T-17', 8),
        ('P-07863', 'T-35', 8),
        ('P-07865', 'T-62', 21),
        ('P-07868', 'T-52', 4),
        ('P-07871', 'T-72', 5),
        ('P-07887', 'T-52', 5),
        ('P-07912', 'T-16', 14),
        ('P-07913', 'T-29', 16),
        ('P-07925', 'T-45', 13),
        ('P-07933', 'T-52', 15),
        ('P-07936', 'T-56', 18),
        ('P-07954', 'T-56', 8),
        ('P-07960', 'T-16', 3),
        ('P-07998', 'T-45', 9),
        ('P-08018', 'T-17', 5),
        ('P-08021', 'T-35', 4),
        ('P-08030', 'T-29', 21),
        ('P-08080', 'T-80', 19),
        ('P-08097', 'T-48', 5),
        ('P-08099', 'T-55', 21),
        ('P-08112', 'T-09', 12),
        ('P-08156', 'T-44', 23),
        ('P-08157', 'T-09', 14),
        ('P-08163', 'T-09', 8),
        ('P-08170', 'T-42', 17),
        ('P-08180', 'T-48', 12),
        ('P-08201', 'T-75', 14),
        ('P-08230', 'T-71', 3),
        ('P-08235', 'T-54', 19),
        ('P-08249', 'T-63', 11),
        ('P-08255', 'T-68', 13),
        ('P-08258', 'T-54', 2),
        ('P-08302', 'T-75', 11),
        ('P-08309', 'T-60', 12),
        ('P-08319', 'T-25', 13),
        ('P-08345', 'T-16', 4),
        ('P-08361', 'T-62', 17),
        ('P-08391', 'T-15', 16),
        ('P-08418', 'T-54', 17),
        ('P-08439', 'T-17', 11),
        ('P-08448', 'T-27', 9),
        ('P-08453', 'T-60', 3),
        ('P-08466', 'T-09', 1),
        ('P-08484', 'T-60', 9),
        ('P-08491', 'T-59', 11),
        ('P-08520', 'T-42', 7),
        ('P-08521', 'T-71', 7),
        ('P-08530', 'T-56', 15),
        ('P-08531', 'T-75', 16),
        ('P-08544', 'T-44', 22),
        ('P-08579', 'T-60', 6),
        ('P-08606', 'T-28', 14),
        ('P-08661', 'T-48', 2),
        ('P-08662', 'T-21', 7),
        ('P-08663', 'T-21', 23),
        ('P-08675', 'T-71', 11),
        ('P-08682', 'T-59', 9),
        ('P-08695', 'T-71', 5),
        ('P-08702', 'T-36', 9),
        ('P-08712', 'T-17', 23),
        ('P-08736', 'T-70', 4),
        ('P-08761', 'T-72', 6),
        ('P-08782', 'T-06', 20),
        ('P-08787', 'T-48', 11),
        ('P-08843', 'T-42', 14),
        ('P-08847', 'T-70', 17),
        ('P-08853', 'T-45', 20),
        ('P-08905', 'T-68', 20),
        ('P-08917', 'T-52', 13),
        ('P-08918', 'T-68', 11),
        ('P-08920', 'T-04', 15),
        ('P-08991', 'T-17', 20),
        ('P-09005', 'T-15', 17),
        ('P-09009', 'T-15', 8),
        ('P-09032', 'T-45', 11),
        ('P-09043', 'T-68', 6),
        ('P-09077', 'T-16', 16),
        ('P-09082', 'T-36', 17),
        ('P-09095', 'T-62', 10),
        ('P-09116', 'T-29', 11),
        ('P-09204', 'T-62', 11),
        ('P-09209', 'T-59', 21),
        ('P-09229', 'T-75', 1),
        ('P-09250', 'T-59', 1),
        ('P-09251', 'T-36', 5),
        ('P-09308', 'T-54', 7),
        ('P-09313', 'T-03', 21),
        ('P-09322', 'T-80', 14),
        ('P-09346', 'T-06', 5),
        ('P-09347', 'T-63', 7),
        ('P-09406', 'T-03', 6),
        ('P-09408', 'T-59', 23),
        ('P-09409', 'T-28', 21),
        ('P-09415', 'T-63', 1),
        ('P-09421', 'T-52', 18),
        ('P-09422', 'T-25', 10),
        ('P-09428', 'T-70', 11),
        ('P-09438', 'T-29', 3),
        ('P-09441', 'T-63', 8),
        ('P-09443', 'T-16', 21),
        ('P-09445', 'T-06', 7),
        ('P-09446', 'T-72', 13),
        ('P-09451', 'T-55', 18),
        ('P-09458', 'T-68', 10),
        ('P-09459', 'T-71', 16),
        ('P-09465', 'T-70', 21),
        ('P-09468', 'T-70', 18),
        ('P-09480', 'T-60', 7),
        ('P-09489', 'T-17', 17),
        ('P-09505', 'T-75', 12),
        ('P-09512', 'T-17', 15),
        ('P-09525', 'T-42', 13),
        ('P-09537', 'T-29', 2),
        ('P-09601', 'T-45', 6),
        ('P-09605', 'T-63', 19),
        ('P-09610', 'T-15', 2),
        ('P-09623', 'T-28', 9),
        ('P-09624', 'T-75', 3),
        ('P-09642', 'T-68', 12),
        ('P-09657', 'T-48', 7),
        ('P-09666', 'T-59', 17),
        ('P-09692', 'T-17', 19),
        ('P-09712', 'T-68', 8),
        ('P-09733', 'T-27', 7),
        ('P-09745', 'T-04', 4),
        ('P-09766', 'T-44', 13),
        ('P-09802', 'T-25', 8),
        ('P-09803', 'T-52', 9),
        ('P-09825', 'T-15', 3),
        ('P-09827', 'T-72', 9),
        ('P-09864', 'T-55', 15),
        ('P-09877', 'T-04', 11),
        ('P-09886', 'T-09', 9),
        ('P-09891', 'T-68', 2),
        ('P-09910', 'T-56', 23),
        ('P-09913', 'T-55', 11),
        ('P-09926', 'T-59', 10),
        ('P-09946', 'T-21', 17),
        ('P-09965', 'T-16', 7),
        ('P-09966', 'T-80', 6),
        ('P-09982', 'T-09', 3),
        ('P-09986', 'T-25', 19),
        ('P-09994', 'T-55', 13);

insert into refree (id, type)
values  ('R-001', 'assistant1'),
        ('R-002', 'assistant1'),
        ('R-003', 'assistant1'),
        ('R-004', 'head'),
        ('R-005', 'assistant1'),
        ('R-006', 'assistant1'),
        ('R-007', 'assistant1'),
        ('R-008', 'assistant1'),
        ('R-009', 'assistant1'),
        ('R-010', 'assistant1'),
        ('R-011', 'assistant1'),
        ('R-012', 'assistant2'),
        ('R-013', 'assistant2'),
        ('R-014', 'assistant2'),
        ('R-015', 'assistant2'),
        ('R-016', 'assistant2'),
        ('R-017', 'assistant2'),
        ('R-018', 'assistant2'),
        ('R-019', 'assistant2'),
        ('R-020', 'assistant2'),
        ('R-021', 'assistant2'),
        ('R-022', 'fourth'),
        ('R-023', 'fourth'),
        ('R-024', 'fourth'),
        ('R-025', 'fourth'),
        ('R-026', 'fourth'),
        ('R-027', 'fourth'),
        ('R-028', 'fourth'),
        ('R-029', 'fourth'),
        ('R-030', 'fourth'),
        ('R-031', 'fourth'),
        ('R-032', 'var'),
        ('R-033', 'var'),
        ('R-034', 'var'),
        ('R-035', 'var'),
        ('R-036', 'var'),
        ('R-037', 'var'),
        ('R-038', 'var'),
        ('R-039', 'var'),
        ('R-040', 'var'),
        ('R-041', 'var'),
        ('R-053', 'head'),
        ('R-058', 'head'),
        ('R-059', 'head'),
        ('R-078', 'head'),
        ('R-083', 'head'),
        ('R-098', 'head'),
        ('R-117', 'head'),
        ('R-130', 'head'),
        ('R-131', 'head'),
        ('R-140', 'head'),
        ('R-146', 'head'),
        ('R-153', 'head'),
        ('R-163', 'head'),
        ('R-175', 'head'),
        ('R-212', 'head'),
        ('R-216', 'head'),
        ('R-221', 'head'),
        ('R-227', 'head'),
        ('R-267', 'head'),
        ('R-281', 'head'),
        ('R-287', 'head'),
        ('R-291', 'head'),
        ('R-293', 'head'),
        ('R-313', 'head'),
        ('R-314', 'head'),
        ('R-319', 'head'),
        ('R-341', 'head');

insert into refree_team (id, head_id, assistant1_id, assistant2_id, fourth_id, var_id)
values  ('RT-01', 'R-004', 'R-001', 'R-012', 'R-022', 'R-032'),
        ('RT-02', 'R-053', 'R-002', 'R-013', 'R-023', 'R-033'),
        ('RT-03', 'R-058', 'R-003', 'R-014', 'R-024', 'R-034'),
        ('RT-04', 'R-059', 'R-005', 'R-015', 'R-025', 'R-035'),
        ('RT-05', 'R-078', 'R-006', 'R-016', 'R-026', 'R-036'),
        ('RT-06', 'R-083', 'R-007', 'R-017', 'R-027', 'R-037'),
        ('RT-07', 'R-098', 'R-008', 'R-018', 'R-028', 'R-038'),
        ('RT-08', 'R-117', 'R-009', 'R-019', 'R-029', 'R-039'),
        ('RT-09', 'R-130', 'R-010', 'R-020', 'R-030', 'R-040'),
        ('RT-10', 'R-131', 'R-011', 'R-021', 'R-031', 'R-041'),
        ('RT-11', 'R-140', 'R-008', 'R-020', 'R-030', 'R-038'),
        ('RT-12', 'R-146', 'R-003', 'R-017', 'R-027', 'R-041'),
        ('RT-13', 'R-153', 'R-011', 'R-018', 'R-027', 'R-036'),
        ('RT-14', 'R-163', 'R-003', 'R-019', 'R-028', 'R-036'),
        ('RT-15', 'R-175', 'R-006', 'R-015', 'R-026', 'R-035'),
        ('RT-16', 'R-212', 'R-008', 'R-012', 'R-027', 'R-032'),
        ('RT-17', 'R-216', 'R-011', 'R-020', 'R-023', 'R-037'),
        ('RT-18', 'R-221', 'R-001', 'R-015', 'R-024', 'R-035'),
        ('RT-19', 'R-227', 'R-008', 'R-012', 'R-023', 'R-041'),
        ('RT-20', 'R-267', 'R-010', 'R-014', 'R-029', 'R-037'),
        ('RT-21', 'R-281', 'R-002', 'R-020', 'R-025', 'R-035'),
        ('RT-22', 'R-287', 'R-007', 'R-017', 'R-028', 'R-036'),
        ('RT-23', 'R-291', 'R-002', 'R-021', 'R-025', 'R-041'),
        ('RT-24', 'R-293', 'R-006', 'R-014', 'R-028', 'R-034'),
        ('RT-25', 'R-313', 'R-007', 'R-017', 'R-022', 'R-039'),
        ('RT-26', 'R-314', 'R-011', 'R-012', 'R-023', 'R-037'),
        ('RT-27', 'R-319', 'R-001', 'R-020', 'R-027', 'R-036'),
        ('RT-28', 'R-341', 'R-008', 'R-012', 'R-027', 'R-033'),
        ('RT-29', 'R-216', 'R-003', 'R-014', 'R-022', 'R-032'),
        ('RT-30', 'R-314', 'R-001', 'R-019', 'R-022', 'R-040'),
        ('RT-31', 'R-053', 'R-006', 'R-018', 'R-023', 'R-032'),
        ('RT-32', 'R-314', 'R-003', 'R-014', 'R-023', 'R-033'),
        ('RT-33', 'R-004', 'R-003', 'R-013', 'R-027', 'R-034'),
        ('RT-34', 'R-341', 'R-007', 'R-021', 'R-025', 'R-035'),
        ('RT-35', 'R-146', 'R-006', 'R-014', 'R-026', 'R-040'),
        ('RT-36', 'R-058', 'R-010', 'R-018', 'R-023', 'R-038'),
        ('RT-37', 'R-287', 'R-007', 'R-017', 'R-023', 'R-034'),
        ('RT-38', 'R-314', 'R-006', 'R-019', 'R-026', 'R-039'),
        ('RT-39', 'R-053', 'R-009', 'R-012', 'R-030', 'R-037'),
        ('RT-40', 'R-314', 'R-008', 'R-014', 'R-029', 'R-038'),
        ('RT-41', 'R-053', 'R-006', 'R-014', 'R-023', 'R-040'),
        ('RT-42', 'R-319', 'R-010', 'R-017', 'R-029', 'R-037'),
        ('RT-43', 'R-083', 'R-009', 'R-017', 'R-030', 'R-036'),
        ('RT-44', 'R-319', 'R-002', 'R-015', 'R-030', 'R-041'),
        ('RT-45', 'R-059', 'R-010', 'R-020', 'R-031', 'R-041'),
        ('RT-46', 'R-313', 'R-008', 'R-020', 'R-029', 'R-033'),
        ('RT-47', 'R-098', 'R-005', 'R-017', 'R-024', 'R-033'),
        ('RT-48', 'R-341', 'R-005', 'R-015', 'R-026', 'R-037'),
        ('RT-49', 'R-083', 'R-011', 'R-017', 'R-031', 'R-034'),
        ('RT-50', 'R-314', 'R-011', 'R-014', 'R-023', 'R-033'),
        ('RT-51', 'R-059', 'R-011', 'R-021', 'R-026', 'R-033'),
        ('RT-52', 'R-078', 'R-002', 'R-017', 'R-026', 'R-032'),
        ('RT-53', 'R-140', 'R-006', 'R-015', 'R-030', 'R-039'),
        ('RT-54', 'R-212', 'R-008', 'R-012', 'R-026', 'R-032'),
        ('RT-55', 'R-117', 'R-006', 'R-020', 'R-023', 'R-032');

-- Q1
SELECT player_id, name, MAX(Goal) AS Goal
FROM(SELECT COUNT(player_id) as Goal, player_id FROM goal GROUP BY player_id) JOIN human on human.id = player_id
;

-- Q2
SELECT id, name , count_match
FROM (SELECT refree.id as r_id, COUNT(m.id) as count_match
FROM refree_team join match m on refree_team.id = m.referee_team_id join refree on((refree.id = refree_team.head_id) OR (refree.id = refree_team.assistant1_id) OR (refree.id = refree_team.assistant2_id) OR (refree.id = refree_team.fourth_id) OR (refree.id = refree_team.var_id))
GROUP BY refree.id
) JOIN human on human.id = r_id
WHERE count_match = (
                        SELECT Max(count_match)
                        FROM (
                            SELECT COUNT(m.id) as count_match
                            FROM refree_team join match m on refree_team.id = m.referee_team_id join refree on((refree.id = refree_team.head_id) OR (refree.id = refree_team.assistant1_id) OR (refree.id = refree_team.assistant2_id) OR (refree.id = refree_team.fourth_id) OR (refree.id = refree_team.var_id))
                            GROUP BY refree.id
                        )
                    )
;

-- Q3
Select DISTINCT id ,name
FROM human join goal on goal.player_id = human.id
WHERE goal.minute>80
;

-- Q4
SELECT name , penalty
FROM (SELECT  penalty, name
FROM (SELECT stadium.name , COUNT(stadium.id) as penalty
    From stadium join (
        SELECT m.stadium_id stadium_id
        FROM match m join goal on m.id = goal.match_id
        WHERE goal.is_penalty == true
     ) on  stadium.id = stadium_id
    GROUP BY stadium.id)
)
WHERE penalty = (SELECT Min(penalty)
                  FROM (SELECT COUNT(stadium.id) as penalty
                        From stadium
                                 join (SELECT m.stadium_id stadium_id
                                       FROM match m
                                                join goal on m.id = goal.match_id
                                       WHERE goal.is_penalty == true) on stadium_id = stadium.id
                        GROUP BY stadium.id)
                  )
;


-- Q5
SELECT id, name, Age
FROM goal join human on goal.player_id = human.id
WHERE human.Age = (
                    SELECT Max(Age) as max
                    FROM (SELECT *
                          FROM goal join human on goal.player_id = human.id)
                  )
;

-- Q6
SELECT COUNT(match_id) as num_substitute_lower_than_5
FROM (SELECT COUNT(match_id) as num_substitute , match_id
      FROM match join substitute on match.id = substitute.match_id
      GROUP BY match_id
      )
WHERE num_substitute<5
;

-- Q7
SELECT DISTINCT name , stadium_capacity
FROM stadium join(SELECT m.stadium_id as stadium_id
                  FROM match m
                  WHERE ((team1_id=='T-28') OR (team1_id=='T-03') OR (team2_id=='T-28') OR (team1_id=='T-03')) AND stage <> 'group stage')
    on stadium.id = stadium_id
;

-- Q8
SELECT m1 as match_id
FROM (
        SELECT COUNT(match_id) as c1 , match_id as m1
        FROM (
        SELECT match_id
        FROM goal
        WHERE goal.minute<=45
         )
        GROUP BY match_id
    ) JOIN (
        SELECT COUNT(match_id) as c2 , match_id as m2
        FROM (
        SELECT match_id
        FROM goal
        WHERE goal.minute>45
         )
         GROUP BY match_id) on m1 = m2
WHERE c1>c2
;

-- Q9
SELECT Team ,Round(goal*1.0/num_match, 2) as Avg
FROM
    (
    SELECT team1_id as team, SUM(goal1 + goal2) as goal, SUM(team1 + team2) as num_match
    FROM
        (
            SELECT team1_id, SUM(team1_goals) as goal1, COUNT(team1_id) as team1
            FROM match
            GROUP BY team1_id
        )join(
            SELECT team2_id , SUM(team2_goals) as goal2 , COUNT(team2_id) as team2
            FROM match
            GROUP BY team2_id
        ) on team1_id = team2_id
    GROUP BY Team)
ORDER BY Avg
;

-- Q10
SELECT  refree.id, name, COUNT(is_penalty) as count_penalty
FROM (goal JOIN main.match m on (m.id = goal.match_id) AND goal.is_penalty=true) JOIN refree_team on referee_team_id = refree_team.id JOIN refree on((refree.id = refree_team.head_id) OR (refree.id = refree_team.assistant1_id) OR (refree.id = refree_team.assistant2_id) OR (refree.id = refree_team.fourth_id) OR (refree.id = refree_team.var_id)) join human h on h.id = refree.id
GROUP BY refree.id
;

-- Q11
select team.name
from team join coach on team.id=coach.team_id join human on human.id=coach.id
where team.nationality =human.nationality
;

-- Q12
SELECT name , count as count_best
FROM human JOIN (
        SELECT COUNT(best_player_id) as count, best_player_id
        FROM match
        GROUP BY best_player_id
        ORDER BY count
    ) on human.id = best_player_id
WHERE count = (SELECT Max(count)
                   FROM (
                        SELECT COUNT(best_player_id) as count
                        FROM match
                        GROUP BY best_player_id
                        ORDER BY count
                    )
               );

-- Q13
select human.name
from human join coach on human.id=coach.id join team on coach.team_id=team.id
where team.id  not in  (select team.id
                        from team join match on (team.id =match.team1_id or  team.id =match.team2_id)
					    where match.stage not like  'group stage'
					   )
;

-- Q14
SELECT team_id , count_card
FROM (
    SELECT max(c) as count_card, team_id
    FROM (SELECT Count(team_id) as c, team_id
        FROM player JOIN main.card c on player.id = c.player_id
        GROUP BY team_id
        )
    )
;

-- Q15
SELECT name
FROM human join (SELECT DISTINCT player_id
FROM goal Join substitute s on goal.match_id = s.match_id
WHERE goal.player_id = s.player_id_in AND goal.minute > s.minute) on human.id = player_id
;

-- Q16
SELECT team_id
FROM (
        (
            SELECT match_id, player_id
            FROM card
            WHERE card.color = 'red'
        )JOIN match on match_id = match.id) JOIN player on player_id = player.id
    WHERE (team_id = team1_id AND team1_goals>match.team2_goals) OR (team_id = team2_id AND team2_goals>match.team1_goals
    )
;

-- Q17
select human.name,human.nationality
from human join coach on human.id=coach.id join team on coach.team_id=team.id
where  (human.nationality!=team.nationality ) and  human.nationality in (select team.nationality from team)
;